customer_id,city,loyalty_tier,last_purchase_date,recency_days,frequency,monetary_value,R_score,F_score,M_score,RFM_Score,Segment
2001.0,Tallinn,,2024-11-29,91,2,203.92000000000002,4,1,1,6,At Risk
2004.0,Tallinn,silver,2024-12-19,71,2,1198.56,4,1,4,9,Potential
2005.0,Tallinn,bronze,2024-10-03,148,4,959.5999999999999,3,4,3,10,Loyal
2006.0,Pärnu,,2023-11-09,477,1,327.06,1,1,1,3,Lost
2007.0,Pärnu,silver,2025-01-30,29,1,318.63,5,1,1,7,Potential
2008.0,Tartu,gold,2024-12-14,76,5,1294.32,4,4,4,12,Loyal
2009.0,Narva,silver,2024-07-19,224,3,2255.21,2,3,5,10,Loyal
2012.0,Võru,silver,2024-04-30,304,3,841.5,2,3,3,8,Potential
2013.0,Pärnu,,2024-10-06,145,2,364.20000000000005,3,1,2,6,At Risk
2014.0,Pärnu,,2023-12-26,430,5,1066.15,1,4,4,9,Potential
2015.0,Tartu,silver,2025-02-15,13,2,345.24,5,1,1,7,Potential
2016.0,Tartu,gold,2023-07-21,588,1,664.26,1,1,3,5,At Risk
2017.0,Viljandi,silver,2024-02-08,386,4,904.65,1,4,3,8,Potential
2018.0,Paide,gold,2024-07-21,222,3,1281.17,2,3,4,9,Potential
2019.0,Tallinn,bronze,2024-06-26,247,5,1653.15,2,4,5,11,Loyal
2020.0,Paide,silver,2024-11-23,97,3,923.9,4,3,3,10,Loyal
2022.0,Rakvere,gold,2024-08-18,194,5,814.1700000000001,3,4,3,10,Loyal
2023.0,Tallinn,,2024-01-27,398,1,583.71,1,1,2,4,At Risk
2024.0,Valga,bronze,2025-01-27,32,2,345.93,5,1,1,7,Potential
2025.0,Tallinn,,2024-12-20,70,6,1804.79,4,5,5,14,VIP Champions
2026.0,Tallinn,,2024-12-07,83,7,1933.66,4,5,5,14,VIP Champions
2027.0,Tallinn,gold,2024-12-25,65,4,1357.05,4,4,4,12,Loyal
2028.0,Tallinn,gold,2024-11-13,107,3,496.83000000000004,4,3,2,9,Potential
2029.0,Kuressaare,,2024-05-26,278,3,1888.0600000000002,2,3,5,10,Loyal
2030.0,Tartu,silver,2024-09-21,160,2,2391.13,3,1,5,9,Potential
2031.0,Narva,gold,2024-11-05,115,6,2052.0499999999997,4,5,5,14,VIP Champions
2032.0,Tallinn,bronze,2024-11-03,117,1,215.58,4,1,1,6,At Risk
2033.0,Tallinn,,2024-10-11,140,3,950.18,3,3,3,9,Potential
2034.0,Tallinn,,2024-11-16,104,5,1431.18,4,4,5,13,VIP Champions
2035.0,Viljandi,silver,2024-07-02,241,3,1481.19,2,3,5,10,Loyal
2036.0,Tartu,gold,2024-11-10,110,2,571.48,4,1,2,7,Potential
2037.0,Tartu,,2024-12-30,60,3,893.3000000000001,4,3,3,10,Loyal
2038.0,Narva,gold,2024-05-11,293,1,1484.2,2,1,5,8,Potential
2040.0,Pärnu,silver,2024-10-17,134,3,453.53999999999996,3,3,2,8,Potential
2041.0,Tallinn,bronze,2023-03-06,725,2,1275.25,1,1,4,6,At Risk
2042.0,Tartu,bronze,2024-09-29,152,2,147.0,3,1,1,5,At Risk
2044.0,Tallinn,bronze,2024-11-13,107,3,419.37,4,3,2,9,Potential
2046.0,Tartu,,2024-11-22,98,7,1422.57,4,5,4,13,VIP Champions
2047.0,Tallinn,,2024-04-22,312,1,196.91,2,1,1,4,At Risk
2048.0,Tartu,bronze,2024-11-06,114,2,264.74,4,1,1,6,At Risk
2049.0,Haapsalu,,2024-11-03,117,4,1364.73,4,4,4,12,Loyal
2050.0,Paide,gold,2024-11-03,117,3,591.24,4,3,2,9,Potential
2051.0,Tallinn,gold,2025-01-12,47,3,956.89,5,3,3,11,Loyal
2052.0,Tartu,bronze,2024-10-08,143,3,1073.25,3,3,4,10,Loyal
2053.0,Tallinn,,2024-04-15,319,4,1198.6200000000001,2,4,4,10,Loyal
2054.0,Pärnu,,2024-05-27,277,4,913.91,2,4,3,9,Potential
2055.0,Jõhvi,bronze,2024-11-28,92,2,494.63,4,1,2,7,Potential
2056.0,Narva,bronze,2025-01-30,29,3,226.03,5,3,1,9,Potential
2058.0,Tartu,bronze,2025-02-17,11,1,312.26,5,1,1,7,Potential
2059.0,Tallinn,silver,2024-12-09,81,4,1044.97,4,4,4,12,Loyal
2061.0,Paide,gold,2023-04-19,681,1,57.08,1,1,1,3,Lost
2062.0,Viljandi,gold,2024-12-19,71,2,387.70000000000005,4,1,2,7,Potential
2063.0,Tallinn,,2024-04-02,332,1,81.48,1,1,1,3,Lost
2064.0,Tartu,gold,2024-08-20,192,4,900.95,3,4,3,10,Loyal
2065.0,Tallinn,gold,2024-07-23,220,1,45.21,2,1,1,4,At Risk
2066.0,Valga,bronze,2024-07-02,241,2,351.95000000000005,2,1,2,5,At Risk
2067.0,Rakvere,gold,2024-11-05,115,3,709.47,4,3,3,10,Loyal
2068.0,Pärnu,silver,2024-12-10,80,4,783.78,4,4,3,11,Loyal
2069.0,Paide,gold,2025-02-05,23,4,1310.02,5,4,4,13,VIP Champions
2070.0,Haapsalu,bronze,2025-02-01,27,5,1741.54,5,4,5,14,VIP Champions
2071.0,Tartu,,2024-05-15,289,5,493.20000000000005,2,4,2,8,Potential
2072.0,Tallinn,silver,2025-02-11,17,2,541.34,5,1,2,8,Potential
2073.0,Valga,bronze,2024-01-24,401,2,2233.7000000000003,1,1,5,7,Potential
2074.0,Tartu,gold,2023-09-21,526,3,1231.97,1,3,4,8,Potential
2075.0,Kuressaare,,2024-12-21,69,3,581.54,4,3,2,9,Potential
2076.0,Kuressaare,silver,2024-01-24,401,1,351.62,1,1,2,4,At Risk
2077.0,Tallinn,silver,2024-12-31,59,4,1632.05,5,4,5,14,VIP Champions
2078.0,Tallinn,gold,2023-09-08,539,3,659.35,1,3,3,7,Potential
2079.0,Tartu,silver,2024-09-21,160,2,187.20999999999998,3,1,1,5,At Risk
2080.0,Tartu,gold,2024-08-14,198,3,1063.2,3,3,4,10,Loyal
2081.0,Tartu,,2024-03-31,334,3,792.99,1,3,3,7,Potential
2082.0,Võru,bronze,2024-09-30,151,2,520.61,3,1,2,6,At Risk
2083.0,Valga,bronze,2025-02-27,1,2,605.69,5,1,2,8,Potential
2084.0,Tallinn,gold,2024-09-12,169,2,527.21,3,1,2,6,At Risk
2085.0,Tartu,gold,2024-12-25,65,4,606.26,4,4,2,10,Loyal
2087.0,Tallinn,gold,2024-08-04,208,3,936.1800000000001,2,3,3,8,Potential
2088.0,Tartu,silver,2024-09-10,171,1,439.66,3,1,2,6,At Risk
2090.0,Tartu,gold,2024-08-23,189,3,935.06,3,3,3,9,Potential
2091.0,Pärnu,bronze,2024-08-06,206,2,1216.95,2,1,4,7,Potential
2092.0,Tartu,bronze,2024-04-19,315,1,405.04,2,1,2,5,At Risk
2093.0,Tartu,,2023-12-24,432,4,1511.21,1,4,5,10,Loyal
2095.0,Kuressaare,gold,2024-02-05,389,5,1055.76,1,4,4,9,Potential
2096.0,Viljandi,gold,2024-05-18,286,4,1000.87,2,4,4,10,Loyal
2097.0,Valga,silver,2024-10-28,123,5,715.54,3,4,3,10,Loyal
2098.0,Tallinn,,2024-08-21,191,1,225.36,3,1,1,5,At Risk
2099.0,Kuressaare,silver,2024-11-14,106,5,1199.12,4,4,4,12,Loyal
2100.0,Tartu,gold,2024-04-12,322,1,80.39,2,1,1,4,At Risk
2103.0,Tallinn,gold,2024-08-26,186,2,312.33000000000004,3,1,1,5,At Risk
2104.0,Tallinn,gold,2024-08-30,182,4,1285.72,3,4,4,11,Loyal
2106.0,Jõhvi,,2025-02-02,26,3,692.29,5,3,3,11,Loyal
2107.0,Tallinn,bronze,2024-08-24,188,3,997.6400000000001,3,3,4,10,Loyal
2108.0,Tartu,bronze,2024-11-08,112,6,2169.41,4,5,5,14,VIP Champions
2109.0,Tallinn,bronze,2024-07-03,240,1,121.51,2,1,1,4,At Risk
2110.0,Tartu,bronze,2024-01-12,413,4,405.04,1,4,2,7,Potential
2111.0,Kuressaare,bronze,2024-10-26,125,3,1918.08,3,3,5,11,Loyal
2112.0,Haapsalu,bronze,2024-10-15,136,3,820.4200000000001,3,3,3,9,Potential
2113.0,Tallinn,gold,2024-05-19,285,2,189.08,2,1,1,4,At Risk
2114.0,Narva,bronze,2024-04-03,331,3,1037.37,1,3,4,8,Potential
2115.0,Haapsalu,silver,2025-02-15,13,6,1635.44,5,5,5,15,VIP Champions
2117.0,Tallinn,,2024-09-21,160,4,2215.73,3,4,5,12,Loyal
2118.0,Tallinn,bronze,2024-11-18,102,3,611.11,4,3,2,9,Potential
2119.0,Tallinn,silver,2025-01-08,51,6,1243.09,5,5,4,14,VIP Champions
2120.0,Valga,,2024-06-05,268,3,805.1300000000001,2,3,3,8,Potential
2121.0,Tallinn,,2024-07-06,237,2,302.84000000000003,2,1,1,4,At Risk
2122.0,Tartu,gold,2023-02-07,752,1,16.62,1,1,1,3,Lost
2123.0,Tallinn,,2025-02-25,3,3,983.6700000000001,5,3,4,12,Loyal
2124.0,Tallinn,bronze,2024-07-09,234,2,363.28000000000003,2,1,2,5,At Risk
2126.0,Pärnu,,2024-12-30,60,2,263.86,4,1,1,6,At Risk
2127.0,Tallinn,silver,2024-02-13,381,1,334.46,1,1,1,3,Lost
2128.0,Tartu,gold,2023-11-11,475,3,800.3199999999999,1,3,3,7,Potential
2129.0,Tallinn,,2023-12-12,444,2,197.7,1,1,1,3,Lost
2130.0,Tallinn,bronze,2024-07-27,216,3,941.0699999999999,2,3,3,8,Potential
2132.0,Paide,silver,2024-09-04,177,6,1806.17,3,5,5,13,VIP Champions
2133.0,Tallinn,bronze,2025-02-18,10,2,350.75,5,1,2,8,Potential
2136.0,Tallinn,silver,2023-09-25,522,2,1102.95,1,1,4,6,At Risk
2137.0,Tartu,,2024-07-11,232,3,674.3,2,3,3,8,Potential
2139.0,Rakvere,,2024-05-07,297,2,284.13,2,1,1,4,At Risk
2140.0,Tartu,bronze,2024-11-14,106,1,451.62,4,1,2,7,Potential
2141.0,Kuressaare,,2024-09-14,167,3,678.09,3,3,3,9,Potential
2142.0,Tartu,silver,2024-10-26,125,4,572.59,3,4,2,9,Potential
2143.0,Narva,silver,2024-07-23,220,7,1863.9699999999998,2,5,5,12,Loyal
2144.0,Narva,,2024-12-18,72,1,210.76,4,1,1,6,At Risk
2147.0,Tallinn,silver,2024-12-15,75,1,558.86,4,1,2,7,Potential
2148.0,Rakvere,bronze,2024-11-13,107,1,411.78,4,1,2,7,Potential
2149.0,Pärnu,gold,2024-06-28,245,2,543.76,2,1,2,5,At Risk
2150.0,Paide,,2025-02-17,11,1,229.55,5,1,1,7,Potential
2151.0,Pärnu,,2025-01-01,58,1,446.95,5,1,2,8,Potential
2153.0,Pärnu,,2024-05-05,299,2,397.71,2,2,2,6,At Risk
2154.0,Viljandi,gold,2025-02-18,10,66,20726.79,5,5,5,15,VIP Champions
2156.0,Tallinn,,2024-12-15,75,5,1149.93,4,4,4,12,Loyal
2157.0,Tartu,,2025-02-05,23,2,1131.46,5,2,4,11,Loyal
2158.0,Haapsalu,,2024-10-06,145,2,1207.22,3,2,4,9,Potential
2159.0,Kuressaare,,2024-02-18,376,2,1070.58,1,2,4,7,Potential
2160.0,Haapsalu,,2024-02-02,392,2,598.4300000000001,1,2,2,5,At Risk
2162.0,Tallinn,,2024-09-16,165,2,451.82,3,2,2,7,Potential
2163.0,Viljandi,,2025-02-20,8,5,2542.08,5,4,5,14,VIP Champions
2164.0,Narva,silver,2024-02-08,386,1,205.0,1,1,1,3,Lost
2165.0,Tartu,,2024-10-22,129,3,902.9,3,3,3,9,Potential
2166.0,Tartu,bronze,2024-11-22,98,1,232.61,4,1,1,6,At Risk
2167.0,Tallinn,bronze,2024-10-10,141,5,2032.9099999999999,3,4,5,12,Loyal
2168.0,Tallinn,silver,2023-05-01,669,3,881.22,1,3,3,7,Potential
2169.0,Tallinn,gold,2024-08-12,200,1,53.01,3,1,1,5,At Risk
2170.0,Pärnu,,2025-02-05,23,1,327.28,5,1,1,7,Potential
2172.0,Tallinn,silver,2024-01-24,401,2,746.53,1,2,3,6,At Risk
2174.0,Jõhvi,bronze,2024-07-28,215,3,2285.2200000000003,2,3,5,10,Loyal
2175.0,Valga,,2024-10-28,123,6,1342.4,3,5,4,12,Loyal
2176.0,Haapsalu,gold,2024-09-16,165,3,777.0,3,3,3,9,Potential
2177.0,Pärnu,silver,2023-11-26,460,1,141.05,1,1,1,3,Lost
2178.0,Tallinn,silver,2026-03-11,-376,5,1878.1399999999999,5,4,5,14,VIP Champions
2179.0,Tartu,gold,2024-10-09,142,4,1374.26,3,4,4,11,Loyal
2180.0,Rakvere,bronze,2023-04-12,688,2,1451.98,1,2,5,8,Potential
2182.0,Tallinn,bronze,2024-12-22,68,1,26.79,4,1,1,6,At Risk
2183.0,Tallinn,bronze,2024-06-13,260,7,2139.4700000000003,2,5,5,12,Loyal
2184.0,Valga,,2023-11-22,464,2,553.85,1,2,2,5,At Risk
2186.0,Tallinn,gold,2024-03-24,341,2,240.06,1,2,1,4,At Risk
2187.0,Narva,bronze,2024-12-09,81,5,1175.46,4,5,4,13,VIP Champions
2189.0,Jõhvi,,2023-08-06,572,1,110.7,1,1,1,3,Lost
2190.0,Tartu,gold,2025-01-21,38,2,942.11,5,2,3,10,Loyal
2191.0,Tallinn,silver,2024-08-15,197,4,924.33,3,4,3,10,Loyal
2192.0,Kuressaare,,2024-12-23,67,8,2695.53,4,5,5,14,VIP Champions
2193.0,Tallinn,bronze,2024-12-05,85,3,1066.29,4,3,4,11,Loyal
2195.0,Tallinn,gold,2025-02-15,13,3,523.79,5,3,2,10,Loyal
2196.0,Pärnu,,2026-06-04,-461,11,4480.32,5,5,5,15,VIP Champions
2197.0,Valga,,2024-12-14,76,4,2231.4,4,4,5,13,VIP Champions
2198.0,Tallinn,,2025-01-22,37,1,458.02,5,1,2,8,Potential
2199.0,Pärnu,silver,2024-11-26,94,1,347.16,4,1,1,6,At Risk
2200.0,Tartu,,2024-07-21,222,5,1998.45,2,5,5,12,Loyal
2201.0,Tartu,gold,2024-06-16,257,2,172.52,2,2,1,5,At Risk
2202.0,Tallinn,,2024-07-06,237,3,1708.3400000000001,2,3,5,10,Loyal
2203.0,Pärnu,silver,2024-09-24,157,3,925.97,3,3,3,9,Potential
2204.0,Tartu,bronze,2025-02-24,4,1,166.27,5,1,1,7,Potential
2205.0,Tallinn,gold,2024-03-29,336,3,1127.92,1,3,4,8,Potential
2206.0,Viljandi,,2024-08-11,201,5,628.34,3,5,2,10,Loyal
2207.0,Viljandi,gold,2025-01-14,45,3,939.4599999999999,5,3,3,11,Loyal
2208.0,Tallinn,silver,2024-11-13,107,6,2265.19,4,5,5,14,VIP Champions
2209.0,Tallinn,silver,2024-08-11,201,3,995.6400000000001,3,3,4,10,Loyal
2210.0,Valga,gold,2024-11-28,92,2,723.3299999999999,4,2,3,9,Potential
2211.0,Tallinn,bronze,2024-05-12,292,3,760.31,2,3,3,8,Potential
2212.0,Pärnu,gold,2023-08-08,570,3,918.91,1,3,3,7,Potential
2213.0,Rakvere,,2024-09-17,164,3,1046.18,3,3,4,10,Loyal
2214.0,Võru,silver,2023-03-26,705,1,574.44,1,1,2,4,At Risk
2215.0,Tallinn,gold,2025-01-27,32,6,1537.23,5,5,5,15,VIP Champions
2216.0,Pärnu,gold,2024-03-16,349,2,341.6,1,2,1,4,At Risk
2217.0,Tallinn,gold,2024-08-07,205,5,1171.04,2,5,4,11,Loyal
2218.0,Paide,,2024-12-22,68,4,1374.1,4,4,4,12,Loyal
2219.0,Narva,silver,2024-10-08,143,1,181.11,3,1,1,5,At Risk
2220.0,Rakvere,gold,2024-11-29,91,3,722.73,4,3,3,10,Loyal
2221.0,Pärnu,,2025-12-14,-289,65,21610.39,5,5,5,15,VIP Champions
2222.0,Tallinn,,2024-12-12,78,6,1309.96,4,5,4,13,VIP Champions
2223.0,Tartu,,2023-07-25,584,3,784.34,1,3,3,7,Potential
2225.0,Tallinn,gold,2025-02-01,27,5,1044.45,5,5,4,14,VIP Champions
2226.0,Jõhvi,silver,2024-08-31,181,4,702.0,3,4,3,10,Loyal
2227.0,Narva,silver,2024-11-21,99,4,1040.72,4,4,4,12,Loyal
2228.0,Narva,gold,2024-11-04,116,4,737.26,4,4,3,11,Loyal
2229.0,Tallinn,bronze,2025-01-15,44,1,592.8,5,1,2,8,Potential
2230.0,Tallinn,gold,2023-10-22,495,4,814.97,1,4,3,8,Potential
2231.0,Tallinn,gold,2024-09-24,157,3,1071.04,3,3,4,10,Loyal
2232.0,Tallinn,silver,2023-10-28,489,1,166.27,1,1,1,3,Lost
2233.0,Tallinn,,2024-12-04,86,1,989.97,4,1,4,9,Potential
2235.0,Narva,,2024-12-09,81,4,988.37,4,4,4,12,Loyal
2236.0,Paide,gold,2024-08-21,191,2,235.49,3,2,1,6,At Risk
2238.0,Rakvere,gold,2024-12-30,60,2,447.65999999999997,4,2,2,8,Potential
2239.0,Tallinn,,2024-11-19,101,1,184.07,4,1,1,6,At Risk
2240.0,Tallinn,,2025-02-06,22,6,1603.35,5,5,5,15,VIP Champions
2241.0,Pärnu,,2024-06-15,258,3,612.84,2,3,2,7,Potential
2242.0,Tartu,,2025-02-04,24,5,1695.49,5,5,5,15,VIP Champions
2243.0,Pärnu,gold,2024-07-07,236,3,1078.13,2,3,4,9,Potential
2244.0,Rakvere,gold,2025-01-29,30,4,852.81,5,4,3,12,Loyal
2245.0,Tallinn,,2024-11-18,102,5,1724.15,4,5,5,14,VIP Champions
2246.0,Paide,silver,2025-01-21,38,2,126.08000000000001,5,2,1,8,Potential
2247.0,Jõhvi,silver,2024-08-21,191,3,1006.4100000000001,3,3,4,10,Loyal
2248.0,Tallinn,,2023-08-19,559,3,1829.2,1,3,5,9,Potential
2249.0,Tallinn,gold,2024-12-17,73,2,582.76,4,2,2,8,Potential
2250.0,Kuressaare,,2024-04-03,331,2,269.53999999999996,1,2,1,4,At Risk
2251.0,Tallinn,gold,2024-07-24,219,3,718.16,2,3,3,8,Potential
2252.0,Tallinn,,2024-12-30,60,4,1381.27,4,4,4,12,Loyal
2253.0,Tallinn,silver,2023-12-03,453,1,307.24,1,1,1,3,Lost
2254.0,Tallinn,,2023-10-19,498,1,848.85,1,1,3,5,At Risk
2255.0,Tallinn,,2024-11-28,92,3,577.66,4,3,2,9,Potential
2256.0,Pärnu,bronze,2024-09-12,169,5,2433.85,3,5,5,13,VIP Champions
2257.0,Tartu,,2024-11-30,90,7,2165.37,4,5,5,14,VIP Champions
2258.0,Tartu,,2024-11-04,116,1,15.09,4,1,1,6,At Risk
2259.0,Pärnu,,2024-05-12,292,3,646.35,2,3,3,8,Potential
2260.0,Tallinn,bronze,2024-11-09,111,2,317.53000000000003,4,2,1,7,Potential
2261.0,Tallinn,silver,2025-01-20,39,3,887.48,5,3,3,11,Loyal
2262.0,Tallinn,,2023-02-14,745,1,304.14,1,1,1,3,Lost
2264.0,Pärnu,,2024-12-27,63,5,528.28,4,5,2,11,Loyal
2265.0,Pärnu,silver,2024-02-07,387,4,1683.88,1,4,5,10,Loyal
2266.0,Pärnu,bronze,2024-07-23,220,2,371.47,2,2,2,6,At Risk
2267.0,Tartu,gold,2024-08-28,184,3,1240.48,3,3,4,10,Loyal
2269.0,Jõhvi,gold,2025-02-05,23,2,381.59999999999997,5,2,2,9,Potential
2270.0,Tallinn,silver,2024-12-11,79,7,2488.45,4,5,5,14,VIP Champions
2271.0,Pärnu,bronze,2025-02-20,8,1,231.13,5,1,1,7,Potential
2272.0,Võru,,2025-02-07,21,7,1574.51,5,5,5,15,VIP Champions
2273.0,Tartu,,2023-07-20,589,1,541.98,1,1,2,4,At Risk
2274.0,Tartu,gold,2024-10-09,142,3,417.47,3,3,2,8,Potential
2275.0,Tallinn,gold,2024-12-25,65,3,858.98,4,3,3,10,Loyal
2276.0,Tartu,gold,2024-03-19,346,2,693.0,1,2,3,6,At Risk
2277.0,Narva,gold,2024-04-14,320,3,1016.62,2,3,4,9,Potential
2279.0,Tartu,,2025-02-19,9,5,2683.8599999999997,5,5,5,15,VIP Champions
2281.0,Tartu,silver,2024-11-26,94,5,1148.76,4,5,4,13,VIP Champions
2282.0,Paide,,2024-12-12,78,3,732.34,4,3,3,10,Loyal
2284.0,Tallinn,silver,2023-06-04,635,1,210.36,1,1,1,3,Lost
2285.0,Pärnu,bronze,2025-01-15,44,5,2925.69,5,5,5,15,VIP Champions
2286.0,Tartu,silver,2024-12-23,67,1,727.29,4,1,3,8,Potential
2287.0,Valga,silver,2024-06-19,254,3,177.58,2,3,1,6,At Risk
2288.0,Tallinn,,2025-01-15,44,2,2015.75,5,2,5,12,Loyal
2289.0,Narva,gold,2024-07-20,223,2,562.2,2,2,2,6,At Risk
2290.0,Rakvere,bronze,2025-01-07,52,4,536.4,5,4,2,11,Loyal
2291.0,Pärnu,bronze,2024-04-17,317,2,986.24,2,2,4,8,Potential
2292.0,Haapsalu,gold,2024-11-26,94,1,86.14,4,1,1,6,At Risk
2293.0,Tartu,bronze,2024-06-11,262,1,417.66,2,1,2,5,At Risk
2294.0,Narva,,2024-10-06,145,3,1158.1299999999999,3,3,4,10,Loyal
2295.0,Tartu,gold,2024-07-16,227,3,889.21,2,3,3,8,Potential
2296.0,Viljandi,silver,2025-02-02,26,3,1432.91,5,3,5,13,VIP Champions
2297.0,Pärnu,,2024-12-11,79,3,556.09,4,3,2,9,Potential
2298.0,Tallinn,silver,2024-11-29,91,4,636.19,4,4,3,11,Loyal
2299.0,Pärnu,silver,2024-03-26,339,5,2115.43,1,5,5,11,Loyal
2300.0,Tallinn,,2024-11-14,106,3,689.77,4,3,3,10,Loyal
2301.0,Tartu,bronze,2025-01-23,36,3,657.58,5,3,3,11,Loyal
2302.0,Tartu,silver,2024-12-30,60,5,2127.16,4,5,5,14,VIP Champions
2303.0,Pärnu,,2024-12-03,87,3,1795.17,4,3,5,12,Loyal
2304.0,Tallinn,bronze,2024-12-04,86,4,1160.54,4,4,4,12,Loyal
2305.0,Paide,silver,2023-12-03,453,2,724.08,1,2,3,6,At Risk
2306.0,Narva,,2024-01-25,400,2,574.12,1,2,2,5,At Risk
2307.0,Kuressaare,,2024-08-30,182,2,616.51,3,2,2,7,Potential
2308.0,Tallinn,,2023-11-16,470,1,269.85,1,1,1,3,Lost
2309.0,Tartu,gold,2023-08-15,563,1,67.75,1,1,1,3,Lost
2310.0,Tallinn,bronze,2023-10-19,498,1,153.11,1,1,1,3,Lost
2311.0,Viljandi,silver,2024-01-18,407,3,741.72,1,3,3,7,Potential
2312.0,Tartu,bronze,2025-12-26,-301,5,1301.72,5,5,4,14,VIP Champions
2313.0,Pärnu,,2025-01-22,37,1,1129.05,5,1,4,10,Loyal
2315.0,Narva,silver,2024-12-25,65,2,229.17000000000002,4,2,1,7,Potential
2317.0,Haapsalu,,2024-03-24,341,5,2142.56,1,5,5,11,Loyal
2318.0,Tartu,gold,2025-01-31,28,11,3148.8,5,5,5,15,VIP Champions
2319.0,Tartu,silver,2024-05-23,281,1,201.14,2,1,1,4,At Risk
2323.0,Tallinn,bronze,2025-02-23,5,1,385.32,5,1,2,8,Potential
2324.0,Tartu,silver,2024-09-15,166,3,949.1399999999999,3,3,3,9,Potential
2326.0,Tallinn,,2024-12-20,70,3,951.23,4,3,3,10,Loyal
2327.0,Tallinn,bronze,2024-05-17,287,4,2282.28,2,4,5,11,Loyal
2328.0,Paide,silver,2025-02-02,26,2,420.52,5,2,2,9,Potential
2329.0,Rakvere,,2025-02-27,1,1,198.29,5,1,1,7,Potential
2330.0,Pärnu,gold,2024-10-08,143,5,1426.6,3,5,5,13,VIP Champions
2331.0,Tallinn,,2025-02-19,9,6,1215.71,5,5,4,14,VIP Champions
2332.0,Pärnu,bronze,2024-12-27,63,3,1278.22,4,3,4,11,Loyal
2333.0,Tallinn,,2025-02-08,20,2,1732.25,5,2,5,12,Loyal
2334.0,Tallinn,,2025-02-21,7,1,318.5,5,1,1,7,Potential
2335.0,Tartu,silver,2024-12-08,82,5,1602.8700000000001,4,5,5,14,VIP Champions
2336.0,Rakvere,,2024-11-11,109,2,861.12,4,2,3,9,Potential
2337.0,Tartu,,2024-10-10,141,5,1569.08,3,5,5,13,VIP Champions
2338.0,Tallinn,silver,2023-11-06,480,2,368.82,1,2,2,5,At Risk
2339.0,Kuressaare,bronze,2023-10-05,512,2,661.17,1,2,3,6,At Risk
2341.0,Tallinn,silver,2024-09-28,153,1,94.76,3,1,1,5,At Risk
2342.0,Pärnu,,2024-06-23,250,3,880.46,2,3,3,8,Potential
2343.0,Jõhvi,gold,2024-12-23,67,7,3118.4500000000003,4,5,5,14,VIP Champions
2344.0,Tartu,gold,2023-08-14,564,3,620.4300000000001,1,3,2,6,At Risk
2346.0,Tallinn,,2024-11-05,115,4,754.0,4,4,3,11,Loyal
2347.0,Pärnu,bronze,2024-11-06,114,4,610.02,4,4,2,10,Loyal
2348.0,Haapsalu,bronze,2025-02-19,9,3,1432.38,5,3,5,13,VIP Champions
2349.0,Jõhvi,silver,2025-02-18,10,5,1932.51,5,5,5,15,VIP Champions
2350.0,Haapsalu,,2024-09-09,172,3,532.15,3,3,2,8,Potential
2351.0,Tartu,gold,2025-02-25,3,4,1632.3,5,4,5,14,VIP Champions
2353.0,Tallinn,,2024-06-25,248,4,697.72,2,4,3,9,Potential
2354.0,Tallinn,bronze,2024-11-27,93,1,328.86,4,1,1,6,At Risk
2355.0,Pärnu,,2024-06-08,265,4,1556.09,2,4,5,11,Loyal
2356.0,Tallinn,,2024-04-01,333,2,1273.31,1,2,4,7,Potential
2357.0,Kuressaare,gold,2024-03-27,338,2,330.24,1,2,1,4,At Risk
2358.0,Narva,,2024-10-07,144,1,154.71,3,1,1,5,At Risk
2359.0,Tallinn,,2024-07-15,228,3,776.53,2,3,3,8,Potential
2360.0,Tallinn,bronze,2024-07-22,221,3,720.85,2,3,3,8,Potential
2362.0,Tartu,,2024-08-14,198,2,478.46999999999997,3,2,2,7,Potential
2363.0,Tallinn,gold,2025-01-16,43,5,1857.31,5,5,5,15,VIP Champions
2365.0,Tallinn,silver,2024-10-16,135,3,733.0899999999999,3,3,3,9,Potential
2366.0,Tallinn,bronze,2025-02-09,19,4,422.29999999999995,5,4,2,11,Loyal
2367.0,Tallinn,gold,2023-08-30,548,1,520.86,1,1,2,4,At Risk
2368.0,Tallinn,,2024-07-30,213,3,1070.57,2,3,4,9,Potential
2369.0,Tallinn,,2024-10-04,147,3,756.3,3,3,3,9,Potential
2370.0,Kuressaare,gold,2024-04-21,313,3,742.4100000000001,2,3,3,8,Potential
2371.0,Tartu,gold,2025-01-30,29,4,1542.46,5,4,5,14,VIP Champions
2372.0,Narva,gold,2023-01-24,766,1,421.52,1,1,2,4,At Risk
2373.0,Pärnu,silver,2024-08-01,211,4,904.22,2,4,3,9,Potential
2374.0,Tallinn,,2025-02-04,24,2,249.3,5,2,1,8,Potential
2375.0,Tartu,gold,2024-08-21,191,3,883.77,3,3,3,9,Potential
2377.0,Valga,bronze,2023-08-20,558,3,568.51,1,3,2,6,At Risk
2378.0,Tallinn,,2025-02-04,24,2,397.3,5,2,2,9,Potential
2379.0,Pärnu,,2024-07-03,240,3,1171.6399999999999,2,3,4,9,Potential
2380.0,Tartu,gold,2024-11-30,90,6,1516.83,4,5,5,14,VIP Champions
2381.0,Narva,bronze,2024-07-13,230,3,1391.22,2,3,4,9,Potential
2382.0,Tallinn,bronze,2024-12-15,75,3,740.83,4,3,3,10,Loyal
2383.0,Pärnu,,2025-02-25,3,1,310.9,5,1,1,7,Potential
2386.0,Tallinn,,2024-04-14,320,3,515.5899999999999,2,3,2,7,Potential
2387.0,Tartu,bronze,2024-12-16,74,3,1422.89,4,3,4,11,Loyal
2388.0,Tartu,,2024-07-20,223,2,1098.67,2,2,4,8,Potential
2389.0,Tartu,silver,2024-10-21,130,2,361.25,3,2,2,7,Potential
2390.0,Tartu,,2024-11-27,93,5,1336.33,4,5,4,13,VIP Champions
2392.0,Kuressaare,silver,2024-02-26,368,2,475.53999999999996,1,2,2,5,At Risk
2393.0,Tallinn,bronze,2024-08-30,182,1,437.68,3,1,2,6,At Risk
2394.0,Tallinn,,2025-02-20,8,4,1319.6699999999998,5,4,4,13,VIP Champions
2395.0,Tallinn,bronze,2023-05-09,661,1,72.6,1,1,1,3,Lost
2396.0,Narva,gold,2025-02-05,23,6,1899.01,5,5,5,15,VIP Champions
2397.0,Rakvere,,2024-07-12,231,4,2847.6800000000003,2,4,5,11,Loyal
2398.0,Tallinn,silver,2024-09-09,172,1,459.76,3,1,2,6,At Risk
2399.0,Tartu,,2024-03-18,347,1,209.05,1,1,1,3,Lost
2400.0,Kuressaare,,2026-03-12,-377,3,1333.62,5,3,4,12,Loyal
2401.0,Tallinn,bronze,2024-12-24,66,2,731.37,4,2,3,9,Potential
2402.0,Tallinn,,2024-03-22,343,3,1121.33,1,3,4,8,Potential
2403.0,Valga,gold,2024-12-08,82,3,1021.44,4,3,4,11,Loyal
2404.0,Paide,gold,2024-12-31,59,4,912.02,5,4,3,12,Loyal
2405.0,Jõhvi,,2023-09-15,532,3,408.0,1,3,2,6,At Risk
2406.0,Tallinn,,2024-10-25,126,1,482.26,3,1,2,6,At Risk
2407.0,Kuressaare,gold,2026-01-07,-313,4,1279.5900000000001,5,4,4,13,VIP Champions
2409.0,Jõhvi,silver,2025-01-04,55,4,810.53,5,4,3,12,Loyal
2410.0,Tallinn,,2025-02-14,14,3,374.72,5,3,2,10,Loyal
2411.0,Tartu,silver,2024-11-29,91,1,221.19,4,1,1,6,At Risk
2412.0,Tallinn,,2024-07-02,241,1,50.85,2,1,1,4,At Risk
2413.0,Narva,gold,2024-10-25,126,3,338.6,3,3,1,7,Potential
2414.0,Tartu,silver,2025-02-05,23,2,405.96,5,2,2,9,Potential
2415.0,Tallinn,,2025-02-17,11,1,251.96,5,1,1,7,Potential
2416.0,Tartu,gold,2024-02-26,368,3,407.07,1,3,2,6,At Risk
2417.0,Tartu,,2024-09-23,158,3,626.9399999999999,3,3,2,8,Potential
2418.0,Tallinn,,2024-07-26,217,3,795.5400000000001,2,3,3,8,Potential
2419.0,Viljandi,,2024-02-28,366,2,177.6,1,2,1,4,At Risk
2420.0,Tallinn,,2024-10-08,143,4,1671.24,3,4,5,12,Loyal
2422.0,Tartu,silver,2024-05-07,297,5,759.27,2,5,3,10,Loyal
2423.0,Jõhvi,,2024-08-04,208,7,1475.29,2,5,5,12,Loyal
2424.0,Tartu,silver,2024-09-30,151,3,900.62,3,3,3,9,Potential
2425.0,Pärnu,silver,2024-09-21,160,4,1834.12,3,4,5,12,Loyal
2427.0,Viljandi,bronze,2024-05-08,296,3,940.88,2,3,3,8,Potential
2428.0,Tallinn,bronze,2024-12-06,84,1,405.14,4,1,2,7,Potential
2429.0,Tartu,bronze,2024-11-19,101,4,850.8299999999999,4,4,3,11,Loyal
2430.0,Tallinn,silver,2024-08-22,190,2,590.73,3,2,2,7,Potential
2431.0,Tallinn,gold,2024-08-13,199,3,845.0799999999999,3,3,3,9,Potential
2432.0,Tallinn,silver,2025-01-24,35,3,797.23,5,3,3,11,Loyal
2433.0,Tallinn,gold,2024-03-26,339,2,261.84000000000003,1,2,1,4,At Risk
2434.0,Tallinn,silver,2025-02-08,20,4,849.14,5,4,3,12,Loyal
2435.0,Tallinn,,2024-12-14,76,5,755.3499999999999,4,5,3,12,Loyal
2436.0,Tartu,silver,2024-08-19,193,3,1025.57,3,3,4,10,Loyal
2439.0,Pärnu,bronze,2025-02-22,6,4,540.62,5,4,2,11,Loyal
2440.0,Tallinn,bronze,2023-11-03,483,3,645.47,1,3,3,7,Potential
2441.0,Tallinn,gold,2024-03-26,339,3,1634.1200000000001,1,3,5,9,Potential
2442.0,Kuressaare,silver,2025-01-18,41,2,1423.93,5,2,4,11,Loyal
2443.0,Tallinn,,2024-10-20,131,3,1437.3000000000002,3,3,5,11,Loyal
2445.0,Tallinn,bronze,2024-12-03,87,1,307.27,4,1,1,6,At Risk
2446.0,Tartu,bronze,2023-07-24,585,1,54.95,1,1,1,3,Lost
2448.0,Tallinn,silver,2023-08-26,552,1,542.7,1,1,2,4,At Risk
2449.0,Rakvere,silver,2024-03-10,355,2,725.58,1,2,3,6,At Risk
2450.0,Tartu,,2024-09-08,173,2,1057.95,3,2,4,9,Potential
2451.0,Tallinn,,2025-02-14,14,2,1317.1799999999998,5,2,4,11,Loyal
2454.0,Pärnu,bronze,2024-06-30,243,2,385.65,2,2,2,6,At Risk
2456.0,Tallinn,gold,2025-01-10,49,5,2096.27,5,5,5,15,VIP Champions
2457.0,Viljandi,silver,2024-07-04,239,6,1147.49,2,5,4,11,Loyal
2458.0,Tartu,,2024-09-14,167,3,464.15999999999997,3,3,2,8,Potential
2459.0,Tartu,,2025-01-04,55,1,53.24,5,1,1,7,Potential
2460.0,Tallinn,silver,2024-12-29,61,3,530.46,4,3,2,9,Potential
2461.0,Tallinn,,2024-04-23,311,3,1217.47,2,3,4,9,Potential
2462.0,Narva,silver,2023-10-16,501,3,642.23,1,3,3,7,Potential
2463.0,Tallinn,,2024-08-07,205,5,1580.6100000000001,2,5,5,12,Loyal
2464.0,Pärnu,bronze,2024-12-31,59,3,626.3,5,3,2,10,Loyal
2466.0,Kuressaare,bronze,2024-04-05,329,1,104.08,1,1,1,3,Lost
2468.0,Narva,,2024-09-21,160,1,53.01,3,1,1,5,At Risk
2469.0,Valga,bronze,2024-08-29,183,6,2130.7400000000002,3,5,5,13,VIP Champions
2471.0,Rakvere,bronze,2024-10-01,150,2,806.5,3,2,3,8,Potential
2472.0,Tartu,,2024-12-23,67,3,650.55,4,3,3,10,Loyal
2474.0,Tallinn,,2024-12-20,70,3,485.98,4,3,2,9,Potential
2475.0,Tallinn,bronze,2024-07-06,237,4,1341.42,2,4,4,10,Loyal
2476.0,Pärnu,bronze,2023-11-11,475,1,62.56,1,1,1,3,Lost
2477.0,Tartu,,2024-08-13,199,1,654.14,3,1,3,7,Potential
2479.0,Tartu,gold,2024-08-28,184,4,489.48,3,4,2,9,Potential
2481.0,Tartu,,2024-07-25,218,4,1256.58,2,4,4,10,Loyal
2482.0,Tallinn,,2024-09-26,155,2,541.07,3,2,2,7,Potential
2483.0,Jõhvi,bronze,2024-08-28,184,2,553.04,3,2,2,7,Potential
2484.0,Tartu,,2024-10-23,128,4,1662.94,3,4,5,12,Loyal
2485.0,Viljandi,gold,2024-12-16,74,5,955.93,4,5,3,12,Loyal
2486.0,Pärnu,,2025-02-20,8,6,1594.74,5,5,5,15,VIP Champions
2487.0,Narva,,2025-02-13,15,5,1205.61,5,5,4,14,VIP Champions
2488.0,Valga,bronze,2024-08-27,185,1,723.39,3,1,3,7,Potential
2489.0,Viljandi,,2024-07-24,219,2,222.07,2,2,1,5,At Risk
2490.0,Tallinn,,2024-10-05,146,3,1880.98,3,3,5,11,Loyal
2491.0,Pärnu,bronze,2024-10-21,130,3,511.55,3,3,2,8,Potential
2492.0,Valga,bronze,2024-09-30,151,2,632.6700000000001,3,2,3,8,Potential
2493.0,Viljandi,silver,2024-02-07,387,2,720.3,1,2,3,6,At Risk
2494.0,Tallinn,silver,2024-10-19,132,5,1107.18,3,5,4,12,Loyal
2495.0,Tallinn,gold,2025-02-22,6,25,5684.81,5,5,5,15,VIP Champions
2496.0,Tallinn,,2023-09-19,528,1,269.85,1,1,1,3,Lost
2497.0,Tallinn,,2024-07-05,238,1,124.35,2,1,1,4,At Risk
2498.0,Tartu,silver,2024-04-15,319,3,1587.8999999999999,2,3,5,10,Loyal
2500.0,Võru,silver,2024-08-13,199,5,2226.05,3,5,5,13,VIP Champions
2501.0,Tartu,,2025-02-14,14,1,581.1,5,1,2,8,Potential
2503.0,Tallinn,gold,2023-10-31,486,4,2000.92,1,4,5,10,Loyal
2504.0,Narva,,2023-12-16,440,5,796.61,1,5,3,9,Potential
2505.0,Tartu,,2024-12-27,63,1,29.48,4,1,1,6,At Risk
2506.0,Pärnu,,2024-09-18,163,1,134.58,3,1,1,5,At Risk
2509.0,Valga,,2024-12-23,67,3,1179.84,4,3,4,11,Loyal
2510.0,Narva,,2024-08-20,192,4,308.45,3,4,1,8,Potential
2511.0,Tallinn,bronze,2024-09-24,157,4,801.99,3,4,3,10,Loyal
2513.0,Tallinn,bronze,2024-12-26,64,6,1513.26,4,5,5,14,VIP Champions
2514.0,Tallinn,silver,2025-12-07,-282,4,1173.6599999999999,5,4,4,13,VIP Champions
2515.0,Tartu,,2024-12-22,68,3,899.3299999999999,4,3,3,10,Loyal
2516.0,Tallinn,bronze,2024-08-05,207,1,254.76,2,1,1,4,At Risk
2517.0,Pärnu,bronze,2025-01-22,37,2,164.07,5,2,1,8,Potential
2518.0,Narva,silver,2023-06-18,621,3,297.8,1,3,1,5,At Risk
2519.0,Tallinn,,2024-11-18,102,4,1300.29,4,4,4,12,Loyal
2520.0,Tartu,,2023-11-29,457,1,81.48,1,1,1,3,Lost
2521.0,Tartu,gold,2025-01-04,55,2,316.69,5,2,1,8,Potential
2522.0,Tallinn,,2025-01-28,31,3,1264.56,5,3,4,12,Loyal
2523.0,Tallinn,,2024-12-03,87,1,234.1,4,1,1,6,At Risk
2524.0,Tallinn,bronze,2024-06-06,267,4,868.85,2,4,3,9,Potential
2526.0,Valga,,2024-07-20,223,2,857.97,2,2,3,7,Potential
2528.0,Valga,,2024-04-17,317,1,136.3,2,1,1,4,At Risk
2529.0,Tallinn,,2024-09-20,161,3,996.3699999999999,3,3,4,10,Loyal
2530.0,Tallinn,silver,2024-10-27,124,5,1473.03,3,5,5,13,VIP Champions
2533.0,Tartu,gold,2024-01-17,408,4,923.7900000000001,1,4,3,8,Potential
2534.0,Tallinn,gold,2024-06-08,265,4,850.0,2,4,3,9,Potential
2535.0,Tallinn,,2024-11-25,95,5,741.12,4,5,3,12,Loyal
2536.0,Tallinn,,2024-12-01,89,4,1202.21,4,4,4,12,Loyal
2537.0,Tallinn,silver,2024-06-27,246,2,683.55,2,2,3,7,Potential
2538.0,Pärnu,silver,2025-02-20,8,4,1888.48,5,4,5,14,VIP Champions
2539.0,Tallinn,gold,2024-12-14,76,3,1034.97,4,3,4,11,Loyal
2540.0,Pärnu,bronze,2023-12-26,430,1,347.84,1,1,2,4,At Risk
2542.0,Tallinn,,2024-08-23,189,3,1523.18,3,3,5,11,Loyal
2543.0,Narva,gold,2023-12-18,438,2,458.26000000000005,1,2,2,5,At Risk
2544.0,Tallinn,bronze,2025-02-19,9,2,635.51,5,2,3,10,Loyal
2545.0,Tallinn,bronze,2025-01-24,35,2,670.14,5,2,3,10,Loyal
2546.0,Tartu,silver,2023-07-25,584,4,1717.25,1,4,5,10,Loyal
2547.0,Rakvere,,2023-06-04,635,2,471.65000000000003,1,2,2,5,At Risk
2548.0,Tartu,bronze,2024-05-05,299,4,722.23,2,4,3,9,Potential
2549.0,Pärnu,silver,2024-10-30,121,6,1295.54,3,5,4,12,Loyal
2551.0,Kuressaare,,2024-12-25,65,4,1034.58,4,4,4,12,Loyal
2552.0,Tallinn,gold,2024-06-06,267,4,1359.9499999999998,2,4,4,10,Loyal
2553.0,Tallinn,silver,2024-08-01,211,2,1323.46,2,2,4,8,Potential
2554.0,Tartu,,2024-06-08,265,3,683.99,2,3,3,8,Potential
2555.0,Valga,silver,2024-07-12,231,4,1801.08,2,4,5,11,Loyal
2556.0,Tallinn,gold,2024-11-11,109,4,861.49,4,4,3,11,Loyal
2557.0,Tallinn,silver,2024-08-17,195,2,273.21999999999997,3,2,1,6,At Risk
2558.0,Kuressaare,,2024-09-06,175,11,2733.29,3,5,5,13,VIP Champions
2559.0,Tallinn,,2024-11-02,118,3,465.48,4,3,2,9,Potential
2561.0,Tallinn,silver,2024-11-16,104,5,794.34,4,5,3,12,Loyal
2563.0,Tallinn,bronze,2024-12-14,76,4,772.9200000000001,4,4,3,11,Loyal
2564.0,Tallinn,silver,2025-01-27,32,6,994.52,5,5,4,14,VIP Champions
2565.0,Kuressaare,bronze,2025-01-29,30,1,35.94,5,1,1,7,Potential
2566.0,Tallinn,,2024-12-20,70,3,337.40999999999997,4,3,1,8,Potential
2567.0,Tallinn,,2024-10-19,132,3,1072.28,3,3,4,10,Loyal
2569.0,Tallinn,silver,2024-06-28,245,1,331.59,2,1,1,4,At Risk
2570.0,Tartu,,2024-12-02,88,2,625.5,4,2,2,8,Potential
2572.0,Tallinn,gold,2025-01-03,56,4,1380.03,5,4,4,13,VIP Champions
2574.0,Jõhvi,gold,2024-01-11,414,3,1315.6399999999999,1,3,4,8,Potential
2575.0,Tartu,bronze,2024-09-17,164,2,996.84,3,2,4,9,Potential
2576.0,Tallinn,,2024-08-13,199,1,301.97,3,1,1,5,At Risk
2577.0,Haapsalu,,2024-12-23,67,5,1307.73,4,5,4,13,VIP Champions
2578.0,Tallinn,bronze,2024-04-30,304,3,1054.88,2,3,4,9,Potential
2579.0,Võru,silver,2024-08-21,191,3,1197.24,3,3,4,10,Loyal
2580.0,Pärnu,,2024-12-23,67,4,706.78,4,4,3,11,Loyal
2581.0,Tallinn,,2024-09-15,166,2,504.93,3,2,2,7,Potential
2583.0,Võru,,2024-10-31,120,1,562.38,3,1,2,6,At Risk
2585.0,Tartu,silver,2024-01-02,423,3,649.45,1,3,3,7,Potential
2586.0,Tartu,,2024-12-13,77,2,283.45000000000005,4,2,1,7,Potential
2588.0,Tallinn,bronze,2024-10-07,144,3,871.94,3,3,3,9,Potential
2589.0,Pärnu,gold,2024-10-02,149,2,803.56,3,2,3,8,Potential
2590.0,Viljandi,,2024-07-24,219,1,564.58,2,1,2,5,At Risk
2591.0,Tartu,silver,2024-08-16,196,2,385.15999999999997,3,2,2,7,Potential
2592.0,Valga,,2024-11-28,92,3,998.67,4,3,4,11,Loyal
2593.0,Pärnu,,2024-06-26,247,2,1220.1799999999998,2,2,4,8,Potential
2594.0,Tartu,bronze,2024-03-30,335,1,184.15,1,1,1,3,Lost
2596.0,Tartu,,2023-10-28,489,3,690.89,1,3,3,7,Potential
2597.0,Haapsalu,bronze,2025-02-18,10,5,774.86,5,5,3,13,VIP Champions
2598.0,Pärnu,bronze,2024-09-11,170,3,853.62,3,3,3,9,Potential
2599.0,Tallinn,,2023-02-21,738,1,583.44,1,1,2,4,At Risk
2600.0,Tallinn,gold,2024-04-30,304,1,221.89,2,1,1,4,At Risk
2601.0,Tallinn,gold,2023-12-11,445,1,282.95,1,1,1,3,Lost
2602.0,Haapsalu,silver,2024-03-12,353,1,351.33,1,1,2,4,At Risk
2603.0,Tallinn,gold,2025-01-18,41,4,1133.42,5,4,4,13,VIP Champions
2608.0,Pärnu,gold,2023-07-26,583,2,920.6899999999999,1,2,3,6,At Risk
2609.0,Haapsalu,gold,2024-09-03,178,7,1494.74,3,5,5,13,VIP Champions
2610.0,Narva,,2023-07-15,594,2,470.85,1,2,2,5,At Risk
2611.0,Tartu,silver,2025-02-13,15,4,1048.93,5,4,4,13,VIP Champions
2612.0,Tallinn,gold,2025-01-08,51,4,390.59000000000003,5,4,2,11,Loyal
2613.0,Pärnu,silver,2023-11-01,485,4,1198.8000000000002,1,4,4,9,Potential
2614.0,Tallinn,gold,2023-09-16,531,2,332.77000000000004,1,2,1,4,At Risk
2615.0,Pärnu,,2024-09-21,160,2,744.8,3,2,3,8,Potential
2616.0,Narva,silver,2024-07-12,231,3,1493.9600000000003,2,3,5,10,Loyal
2617.0,Tartu,gold,2024-12-13,77,4,1554.0300000000002,4,4,5,13,VIP Champions
2618.0,Tallinn,silver,2024-09-11,170,6,1351.18,3,5,4,12,Loyal
2619.0,Tallinn,silver,2024-12-21,69,6,2185.9,4,5,5,14,VIP Champions
2620.0,Viljandi,silver,2024-09-04,177,4,1303.41,3,4,4,11,Loyal
2622.0,Tartu,,2024-03-18,347,4,937.55,1,4,3,8,Potential
2623.0,Pärnu,silver,2023-10-08,509,1,253.8,1,1,1,3,Lost
2624.0,Tallinn,silver,2024-09-24,157,1,155.2,3,1,1,5,At Risk
2625.0,Tallinn,gold,2023-09-02,545,1,67.75,1,1,1,3,Lost
2626.0,Tartu,silver,2024-05-22,282,2,797.3800000000001,2,2,3,7,Potential
2627.0,Pärnu,silver,2024-08-26,186,6,1345.75,3,5,4,12,Loyal
2628.0,Tallinn,bronze,2024-04-23,311,2,416.48,2,2,2,6,At Risk
2629.0,Viljandi,silver,2024-08-10,202,6,3990.98,3,5,5,13,VIP Champions
2630.0,Viljandi,gold,2024-05-22,282,2,406.52000000000004,2,2,2,6,At Risk
2631.0,Narva,,2024-08-23,189,6,1793.45,3,5,5,13,VIP Champions
2632.0,Viljandi,silver,2024-11-29,91,6,1805.58,4,5,5,14,VIP Champions
2633.0,Pärnu,gold,2024-12-28,62,1,123.64,4,1,1,6,At Risk
2634.0,Tartu,gold,2024-08-11,201,2,625.5,3,2,2,7,Potential
2635.0,Pärnu,gold,2024-11-13,107,3,792.44,4,3,3,10,Loyal
2636.0,Tallinn,silver,2024-05-06,298,5,1675.4499999999998,2,5,5,12,Loyal
2638.0,Jõhvi,silver,2024-12-21,69,6,740.53,4,5,3,12,Loyal
2639.0,Pärnu,,2025-01-29,30,4,1062.87,5,4,4,13,VIP Champions
2640.0,Haapsalu,,2024-04-14,320,2,368.75,2,2,2,6,At Risk
2641.0,Tallinn,gold,2023-07-15,594,4,836.8199999999999,1,4,3,8,Potential
2642.0,Tallinn,bronze,2024-03-26,339,4,1441.35,1,4,5,10,Loyal
2643.0,Haapsalu,silver,2024-08-21,191,2,280.09,3,2,1,6,At Risk
2644.0,Võru,,2023-07-15,594,2,636.4699999999999,1,2,3,6,At Risk
2645.0,Kuressaare,,2024-11-25,95,4,1007.98,4,4,4,12,Loyal
2646.0,Tallinn,,2024-11-01,119,1,828.6,4,1,3,8,Potential
2649.0,Tallinn,,2024-02-01,393,1,172.28,1,1,1,3,Lost
2650.0,Jõhvi,silver,2024-07-30,213,1,147.8,2,1,1,4,At Risk
2652.0,Tallinn,silver,2024-09-20,161,6,2920.5299999999997,3,5,5,13,VIP Champions
2653.0,Pärnu,bronze,2024-12-26,64,5,1821.35,4,5,5,14,VIP Champions
2654.0,Pärnu,silver,2024-11-19,101,2,306.39,4,2,1,7,Potential
2657.0,Pärnu,bronze,2025-01-03,56,5,512.59,5,5,2,12,Loyal
2658.0,Narva,silver,2023-08-28,550,1,48.85,1,1,1,3,Lost
2659.0,Viljandi,gold,2024-05-17,287,4,1387.4099999999999,2,4,4,10,Loyal
2660.0,Narva,,2024-12-29,61,4,1074.93,4,4,4,12,Loyal
2661.0,Tallinn,,2024-12-23,67,1,107.67,4,1,1,6,At Risk
2662.0,Viljandi,silver,2024-10-30,121,2,555.01,3,2,2,7,Potential
2663.0,Tallinn,bronze,2024-07-07,236,1,371.05,2,1,2,5,At Risk
2664.0,Rakvere,bronze,2024-09-05,176,2,503.48,3,2,2,7,Potential
2665.0,Rakvere,,2023-11-10,476,1,41.79,1,1,1,3,Lost
2666.0,Tallinn,bronze,2024-01-01,424,2,2123.64,1,2,5,8,Potential
2667.0,Tallinn,silver,2023-07-29,580,1,388.92,1,1,2,4,At Risk
2668.0,Tallinn,,2023-07-03,606,3,734.03,1,3,3,7,Potential
2670.0,Rakvere,silver,2024-03-01,364,1,158.94,1,1,1,3,Lost
2671.0,Tallinn,bronze,2024-11-07,113,4,1214.71,4,4,4,12,Loyal
2672.0,Tallinn,,2024-10-21,130,8,2281.66,3,5,5,13,VIP Champions
2673.0,Tartu,silver,2024-08-26,186,2,191.68,3,2,1,6,At Risk
2674.0,Viljandi,,2025-02-20,8,3,1044.1200000000001,5,3,4,12,Loyal
2675.0,Tallinn,silver,2024-11-03,117,2,534.09,4,2,2,8,Potential
2676.0,Paide,bronze,2024-09-14,167,4,1040.8,3,4,4,11,Loyal
2677.0,Pärnu,silver,2023-01-07,783,1,139.74,1,1,1,3,Lost
2678.0,Tallinn,silver,2024-10-15,136,4,1479.59,3,4,5,12,Loyal
2681.0,Pärnu,silver,2024-03-19,346,2,756.64,1,2,3,6,At Risk
2682.0,Tallinn,silver,2024-03-01,364,3,382.18,1,3,2,6,At Risk
2683.0,Kuressaare,,2024-08-31,181,3,951.3199999999999,3,3,3,9,Potential
2684.0,Pärnu,,2025-01-02,57,6,3287.9300000000003,5,5,5,15,VIP Champions
2685.0,Tallinn,bronze,2024-11-25,95,1,51.58,4,1,1,6,At Risk
2686.0,Tallinn,,2024-08-24,188,3,861.4,3,3,3,9,Potential
2687.0,Tartu,,2025-01-13,46,4,2554.02,5,4,5,14,VIP Champions
2689.0,Pärnu,,2024-02-14,380,3,741.8499999999999,1,3,3,7,Potential
2690.0,Haapsalu,,2024-03-31,334,7,1927.3799999999999,1,5,5,11,Loyal
2691.0,Tallinn,gold,2024-08-08,204,3,1016.21,2,3,4,9,Potential
2692.0,Tallinn,,2025-01-07,52,3,404.83000000000004,5,3,2,10,Loyal
2693.0,Tallinn,bronze,2024-12-20,70,3,1674.44,4,3,5,12,Loyal
2695.0,Tallinn,bronze,2024-04-15,319,1,154.71,2,1,1,4,At Risk
2696.0,Tartu,bronze,2025-02-26,2,5,2096.5,5,5,5,15,VIP Champions
2697.0,Tallinn,,2024-11-27,93,2,611.6,4,2,2,8,Potential
2700.0,Jõhvi,gold,2024-10-21,130,2,565.53,3,2,2,7,Potential
2702.0,Tallinn,,2024-06-23,250,4,679.32,2,4,3,9,Potential
2704.0,Pärnu,,2024-04-15,319,3,1460.31,2,3,5,10,Loyal
2705.0,Tallinn,silver,2024-12-26,64,4,1871.32,4,4,5,13,VIP Champions
2706.0,Tallinn,,2024-08-21,191,4,1680.1100000000001,3,4,5,12,Loyal
2707.0,Tartu,bronze,2024-10-27,124,4,3477.2799999999997,3,4,5,12,Loyal
2708.0,Tallinn,bronze,2024-12-05,85,5,1418.79,4,5,4,13,VIP Champions
2709.0,Tallinn,bronze,2024-09-23,158,7,1724.31,3,5,5,13,VIP Champions
2710.0,Tallinn,,2025-01-05,54,1,164.3,5,1,1,7,Potential
2711.0,Tartu,gold,2024-10-11,140,3,667.14,3,3,3,9,Potential
2712.0,Tallinn,,2025-01-13,46,7,2902.95,5,5,5,15,VIP Champions
2713.0,Tallinn,,2025-12-27,-302,9,2848.88,5,5,5,15,VIP Champions
2714.0,Jõhvi,,2024-02-25,369,3,999.29,1,3,4,8,Potential
2715.0,Võru,gold,2024-08-13,199,1,83.1,3,1,1,5,At Risk
2716.0,Tallinn,silver,2024-12-30,60,4,629.1300000000001,4,4,2,10,Loyal
2717.0,Tartu,gold,2024-07-17,226,4,925.08,2,4,3,9,Potential
2719.0,Tallinn,silver,2025-02-11,17,2,441.27000000000004,5,2,2,9,Potential
2720.0,Tallinn,,2023-08-21,557,2,241.3,1,2,1,4,At Risk
2721.0,Pärnu,bronze,2024-12-06,84,5,1676.13,4,5,5,14,VIP Champions
2722.0,Tallinn,,2024-11-03,117,2,351.6,4,2,2,8,Potential
2723.0,Tartu,,2023-07-12,597,2,950.71,1,2,3,6,At Risk
2724.0,Tartu,,2024-07-07,236,2,850.9100000000001,2,2,3,7,Potential
2725.0,Haapsalu,,2024-04-06,328,3,577.87,1,3,2,6,At Risk
2726.0,Tallinn,silver,2024-12-29,61,3,462.85,4,3,2,9,Potential
2727.0,Jõhvi,silver,2025-02-09,19,2,608.0,5,2,2,9,Potential
2728.0,Tallinn,silver,2024-01-07,418,2,1128.4,1,2,4,7,Potential
2729.0,Tallinn,,2025-01-24,35,2,915.75,5,2,3,10,Loyal
2730.0,Tallinn,bronze,2024-04-30,304,4,952.61,2,4,3,9,Potential
2731.0,Tartu,,2024-03-03,362,5,1504.33,1,5,5,11,Loyal
2732.0,Tartu,gold,2024-05-05,299,4,1288.22,2,4,4,10,Loyal
2733.0,Tallinn,,2024-07-31,212,4,1288.79,2,4,4,10,Loyal
2734.0,Tallinn,,2024-11-12,108,3,1040.38,4,3,4,11,Loyal
2735.0,Tallinn,gold,2024-12-21,69,7,1697.56,4,5,5,14,VIP Champions
2737.0,Tallinn,,2024-07-22,221,1,642.84,2,1,3,6,At Risk
2739.0,Pärnu,,2026-06-28,-485,3,980.51,5,3,4,12,Loyal
2740.0,Paide,,2024-06-04,269,2,1496.63,2,2,5,9,Potential
2741.0,Tallinn,,2025-01-07,52,5,1645.34,5,5,5,15,VIP Champions
2742.0,Tallinn,,2024-08-05,207,2,1380.0,2,2,4,8,Potential
2743.0,Tallinn,,2024-11-10,110,3,739.39,4,3,3,10,Loyal
2744.0,Rakvere,gold,2024-03-10,355,5,2480.73,1,5,5,11,Loyal
2745.0,Tallinn,,2024-09-28,153,6,1455.31,3,5,5,13,VIP Champions
2746.0,Tallinn,bronze,2024-01-26,399,3,1514.81,1,3,5,9,Potential
2747.0,Kuressaare,gold,2024-04-17,317,1,51.5,2,1,1,4,At Risk
2748.0,Pärnu,silver,2024-02-26,368,3,443.95000000000005,1,3,2,6,At Risk
2749.0,Jõhvi,bronze,2025-02-27,1,4,1270.6,5,4,4,13,VIP Champions
2750.0,Haapsalu,gold,2024-09-21,160,5,1281.23,3,5,4,12,Loyal
2751.0,Tallinn,,2024-07-31,212,3,701.4,2,3,3,8,Potential
2752.0,Tallinn,gold,2024-06-18,255,1,302.86,2,1,1,4,At Risk
2754.0,Pärnu,silver,2024-07-02,241,1,253.23,2,1,1,4,At Risk
2755.0,Jõhvi,,2024-07-22,221,5,2241.7,2,5,5,12,Loyal
2756.0,Tartu,,2024-06-15,258,2,500.26,2,2,2,6,At Risk
2757.0,Võru,,2023-12-22,434,3,1054.0,1,3,4,8,Potential
2758.0,Tartu,gold,2025-01-01,58,7,1175.3899999999999,5,5,4,14,VIP Champions
2759.0,Pärnu,,2024-11-11,109,5,1448.96,4,5,5,14,VIP Champions
2760.0,Tallinn,gold,2024-05-30,274,2,499.88,2,2,2,6,At Risk
2761.0,Pärnu,bronze,2024-08-28,184,4,1249.75,3,4,4,11,Loyal
2762.0,Viljandi,silver,2024-06-04,269,3,366.59000000000003,2,3,2,7,Potential
2763.0,Jõhvi,silver,2023-12-01,455,1,552.4,1,1,2,4,At Risk
2764.0,Tartu,bronze,2024-12-19,71,4,1004.08,4,4,4,12,Loyal
2765.0,Tallinn,,2025-02-21,7,6,1349.9099999999999,5,5,4,14,VIP Champions
2766.0,Haapsalu,silver,2024-12-14,76,8,1558.16,4,5,5,14,VIP Champions
2767.0,Rakvere,silver,2024-02-05,389,3,409.75,1,3,2,6,At Risk
2768.0,Haapsalu,,2024-10-18,133,3,331.66,3,3,1,7,Potential
2770.0,Kuressaare,gold,2024-12-12,78,5,2662.2,4,5,5,14,VIP Champions
2771.0,Tallinn,bronze,2025-02-07,21,6,1437.11,5,5,5,15,VIP Champions
2772.0,Tartu,gold,2024-07-05,238,2,281.39,2,2,1,5,At Risk
2773.0,Tallinn,,2024-07-21,222,3,1085.73,2,3,4,9,Potential
2774.0,Tallinn,,2023-12-23,433,2,374.43,1,2,2,5,At Risk
2775.0,Pärnu,,2025-02-19,9,27,7923.54,5,5,5,15,VIP Champions
2776.0,Tallinn,,2024-03-23,342,1,138.13,1,1,1,3,Lost
2777.0,Narva,bronze,2024-04-24,310,3,1147.73,2,3,4,9,Potential
2778.0,Paide,silver,2023-10-16,501,2,450.68999999999994,1,2,2,5,At Risk
2779.0,Pärnu,gold,2024-07-31,212,3,898.75,2,3,3,8,Potential
2780.0,Tallinn,,2023-07-21,588,2,358.16,1,2,2,5,At Risk
2781.0,Tallinn,,2024-08-29,183,4,826.72,3,4,3,10,Loyal
2782.0,Tallinn,,2024-12-22,68,2,324.03,4,2,1,7,Potential
2784.0,Tallinn,gold,2024-06-01,272,2,802.1600000000001,2,2,3,7,Potential
2785.0,Tallinn,,2024-12-25,65,2,1247.44,4,2,4,10,Loyal
2787.0,Paide,silver,2025-01-06,53,3,933.59,5,3,3,11,Loyal
2788.0,Valga,,2023-06-16,623,2,1103.48,1,2,4,7,Potential
2789.0,Pärnu,,2024-12-16,74,4,846.67,4,4,3,11,Loyal
2791.0,Narva,bronze,2024-07-21,222,1,593.16,2,1,2,5,At Risk
2792.0,Paide,,2024-06-18,255,4,1280.26,2,4,4,10,Loyal
2793.0,Tallinn,gold,2025-02-12,16,5,1726.59,5,5,5,15,VIP Champions
2794.0,Pärnu,gold,2023-07-06,603,1,531.05,1,1,2,4,At Risk
2795.0,Tallinn,bronze,2024-12-19,71,6,1770.78,4,5,5,14,VIP Champions
2797.0,Tallinn,bronze,2024-07-13,230,2,441.73,2,2,2,6,At Risk
2799.0,Tallinn,bronze,2024-10-03,148,5,1125.27,3,5,4,12,Loyal
2802.0,Tallinn,gold,2024-02-14,380,4,820.46,1,4,3,8,Potential
2803.0,Tallinn,silver,2024-06-03,270,5,1315.27,2,5,4,11,Loyal
2804.0,Tallinn,,2024-12-25,65,3,1813.65,4,3,5,12,Loyal
2805.0,Tallinn,,2024-07-22,221,4,1051.13,2,4,4,10,Loyal
2806.0,Narva,gold,2025-01-11,48,6,1678.4,5,5,5,15,VIP Champions
2807.0,Tartu,bronze,2024-06-29,244,3,1204.87,2,3,4,9,Potential
2808.0,Kuressaare,,2025-02-01,27,6,1398.92,5,5,4,14,VIP Champions
2809.0,Võru,,2025-02-24,4,4,821.24,5,4,3,12,Loyal
2810.0,Pärnu,bronze,2024-12-03,87,1,191.48,4,1,1,6,At Risk
2812.0,Tallinn,gold,2024-11-14,106,3,1216.02,4,3,4,11,Loyal
2814.0,Tallinn,bronze,2025-01-16,43,1,47.88,5,1,1,7,Potential
2816.0,Tallinn,,2024-08-08,204,1,145.16,2,1,1,4,At Risk
2817.0,Haapsalu,,2024-11-21,99,2,248.31,4,2,1,7,Potential
2818.0,Tartu,silver,2024-03-08,357,1,342.66,1,1,1,3,Lost
2819.0,Rakvere,silver,2024-11-13,107,4,720.69,4,4,3,11,Loyal
2821.0,Rakvere,bronze,2024-11-30,90,1,106.69,4,1,1,6,At Risk
2822.0,Pärnu,,2024-06-14,259,1,614.61,2,1,2,5,At Risk
2823.0,Tallinn,,2024-09-29,152,7,2402.05,3,5,5,13,VIP Champions
2824.0,Tallinn,silver,2024-11-02,118,2,372.8,4,2,2,8,Potential
2825.0,Tallinn,,2023-12-21,435,3,443.51,1,3,2,6,At Risk
2826.0,Tartu,,2024-12-12,78,7,2788.1800000000003,4,5,5,14,VIP Champions
2827.0,Tartu,gold,2025-02-01,27,6,1235.1200000000001,5,5,4,14,VIP Champions
2828.0,Narva,,2023-12-08,448,2,588.1800000000001,1,2,2,5,At Risk
2829.0,Tartu,,2024-11-21,99,1,254.85,4,1,1,6,At Risk
2831.0,Tallinn,silver,2024-07-13,230,3,2045.54,2,3,5,10,Loyal
2832.0,Tartu,,2025-01-08,51,2,2625.52,5,2,5,12,Loyal
2833.0,Viljandi,silver,2024-11-22,98,3,522.51,4,3,2,9,Potential
2834.0,Narva,,2024-04-07,327,1,594.87,1,1,2,4,At Risk
2835.0,Tallinn,,2024-04-12,322,4,1057.8999999999999,2,4,4,10,Loyal
2836.0,Tallinn,bronze,2024-12-25,65,6,1070.03,4,5,4,13,VIP Champions
2837.0,Tallinn,,2025-01-16,43,1,104.85,5,1,1,7,Potential
2839.0,Pärnu,bronze,2024-06-26,247,3,1338.96,2,3,4,9,Potential
2841.0,Tartu,silver,2024-10-07,144,5,1074.1,3,5,4,12,Loyal
2842.0,Tartu,,2025-01-08,51,3,754.9,5,3,3,11,Loyal
2843.0,Tartu,silver,2024-05-17,287,2,973.3499999999999,2,2,4,8,Potential
2844.0,Tallinn,gold,2024-05-02,302,4,2211.84,2,4,5,11,Loyal
2845.0,Võru,silver,2025-02-04,24,2,1033.6200000000001,5,2,4,11,Loyal
2846.0,Tallinn,,2024-10-27,124,3,1211.7,3,3,4,10,Loyal
2847.0,Tartu,,2024-10-25,126,1,176.65,3,1,1,5,At Risk
2848.0,Rakvere,silver,2024-09-14,167,3,975.5899999999999,3,3,4,10,Loyal
2849.0,Pärnu,gold,2024-11-27,93,7,2748.1,4,5,5,14,VIP Champions
2850.0,Narva,silver,2024-12-14,76,4,1471.6599999999999,4,4,5,13,VIP Champions
2851.0,Võru,silver,2024-04-23,311,2,168.08,2,2,1,5,At Risk
2852.0,Tallinn,silver,2024-12-12,78,4,926.1,4,4,3,11,Loyal
2853.0,Tartu,,2025-01-30,29,1,654.14,5,1,3,9,Potential
2854.0,Tartu,silver,2024-06-20,253,4,1084.91,2,4,4,10,Loyal
2855.0,Tartu,,2024-01-29,396,3,759.37,1,3,3,7,Potential
2856.0,Tallinn,silver,2024-10-31,120,1,182.77,3,1,1,5,At Risk
2859.0,Tartu,,2024-08-03,209,1,184.07,2,1,1,4,At Risk
2860.0,Tallinn,,2024-09-26,155,4,695.9200000000001,3,4,3,10,Loyal
2861.0,Tallinn,gold,2025-02-11,17,1,104.27,5,1,1,7,Potential
2862.0,Tallinn,,2024-11-28,92,2,1103.13,4,2,4,10,Loyal
2863.0,Võru,gold,2024-12-29,61,7,2557.4300000000003,4,5,5,14,VIP Champions
2864.0,Tartu,silver,2024-01-31,394,2,629.84,1,2,2,5,At Risk
2865.0,Tallinn,bronze,2024-11-29,91,4,984.33,4,4,4,12,Loyal
2867.0,Tallinn,gold,2024-07-01,242,3,765.1899999999999,2,3,3,8,Potential
2869.0,Pärnu,,2024-07-28,215,4,1547.46,2,4,5,11,Loyal
2870.0,Tallinn,bronze,2024-09-16,165,2,870.82,3,2,3,8,Potential
2871.0,Jõhvi,gold,2024-10-14,137,5,887.86,3,5,3,11,Loyal
2872.0,Tallinn,silver,2024-12-26,64,4,1225.8,4,4,4,12,Loyal
2874.0,Paide,,2024-07-08,235,5,4091.6,2,5,5,12,Loyal
2875.0,Tallinn,bronze,2024-10-01,150,2,774.34,3,2,3,8,Potential
2876.0,Tallinn,,2024-04-13,321,2,738.96,2,2,3,7,Potential
2878.0,Kuressaare,bronze,2024-12-01,89,2,286.20000000000005,4,2,1,7,Potential
2879.0,Tallinn,bronze,2025-01-25,34,1,756.3,5,1,3,9,Potential
2880.0,Tallinn,,2024-09-09,172,2,714.62,3,2,3,8,Potential
2881.0,Tartu,gold,2024-09-26,155,3,579.91,3,3,2,8,Potential
2882.0,Tallinn,bronze,2024-12-29,61,4,1615.41,4,4,5,13,VIP Champions
2883.0,Viljandi,silver,2024-07-27,216,1,486.04,2,1,2,5,At Risk
2884.0,Tallinn,,2024-08-12,200,3,491.92,3,3,2,8,Potential
2885.0,Viljandi,silver,2024-08-12,200,4,1360.6200000000001,3,4,4,11,Loyal
2886.0,Võru,,2024-12-05,85,2,196.47,4,2,1,7,Potential
2887.0,Tartu,silver,2024-08-09,203,2,517.66,3,2,2,7,Potential
2888.0,Tallinn,silver,2024-09-13,168,3,260.47,3,3,1,7,Potential
2889.0,Pärnu,silver,2026-06-09,-466,71,24172.58,5,5,5,15,VIP Champions
2890.0,Tallinn,gold,2024-10-14,137,2,382.02000000000004,3,2,2,7,Potential
2891.0,Tartu,,2024-04-06,328,4,539.24,1,4,2,7,Potential
2892.0,Paide,silver,2024-08-28,184,2,238.35000000000002,3,2,1,6,At Risk
2893.0,Tartu,,2024-08-26,186,3,1168.29,3,3,4,10,Loyal
2894.0,Tallinn,,2023-09-26,521,1,1106.01,1,1,4,6,At Risk
2895.0,Tallinn,,2024-04-13,321,2,392.32000000000005,2,2,2,6,At Risk
2897.0,Jõhvi,bronze,2025-01-04,55,1,42.64,5,1,1,7,Potential
2898.0,Tartu,silver,2024-05-12,292,2,852.45,2,2,3,7,Potential
2899.0,Tartu,,2025-02-21,7,5,1618.1000000000001,5,5,5,15,VIP Champions
2900.0,Haapsalu,silver,2025-02-07,21,1,261.46,5,1,1,7,Potential
2901.0,Tallinn,silver,2024-06-13,260,6,1191.3799999999999,2,5,4,11,Loyal
2902.0,Tallinn,silver,2024-09-29,152,1,605.72,3,1,2,6,At Risk
2905.0,Tartu,silver,2024-08-13,199,4,748.68,3,4,3,10,Loyal
2906.0,Tartu,silver,2025-02-22,6,4,815.77,5,4,3,12,Loyal
2907.0,Narva,,2024-09-23,158,1,279.43,3,1,1,5,At Risk
2908.0,Pärnu,silver,2025-02-22,6,2,438.38,5,2,2,9,Potential
2909.0,Rakvere,,2025-02-08,20,4,1355.17,5,4,4,13,VIP Champions
2910.0,Tallinn,gold,2024-10-27,124,4,1179.22,3,4,4,11,Loyal
2911.0,Tallinn,,2024-10-30,121,5,1680.19,3,5,5,13,VIP Champions
2912.0,Tartu,,2023-10-02,515,2,484.12,1,2,2,5,At Risk
2913.0,Tallinn,,2025-01-22,37,11,3655.6,5,5,5,15,VIP Champions
2914.0,Tallinn,,2025-02-11,17,3,1141.25,5,3,4,12,Loyal
2915.0,Tallinn,,2024-10-25,126,3,1001.56,3,3,4,10,Loyal
2916.0,Tallinn,bronze,2023-03-24,707,1,221.42,1,1,1,3,Lost
2917.0,Tallinn,bronze,2025-02-10,18,4,1507.59,5,4,5,14,VIP Champions
2920.0,Tartu,,2024-07-27,216,1,130.02,2,1,1,4,At Risk
2922.0,Haapsalu,,2024-03-02,363,1,884.76,1,1,3,5,At Risk
2924.0,Tallinn,,2024-06-24,249,4,1070.68,2,4,4,10,Loyal
2926.0,Viljandi,,2024-07-21,222,3,530.4000000000001,2,3,2,7,Potential
2927.0,Tallinn,silver,2024-08-28,184,3,478.03,3,3,2,8,Potential
2928.0,Kuressaare,,2024-07-20,223,3,1074.57,2,3,4,9,Potential
2929.0,Tallinn,gold,2025-02-07,21,3,324.40000000000003,5,3,1,9,Potential
2930.0,Tallinn,,2023-08-30,548,2,403.77,1,2,2,5,At Risk
2931.0,Tartu,bronze,2024-11-20,100,5,1432.55,4,5,5,14,VIP Champions
2932.0,Tallinn,bronze,2024-12-18,72,4,1613.45,4,4,5,13,VIP Champions
2933.0,Narva,gold,2025-01-14,45,4,331.07,5,4,1,10,Loyal
2935.0,Narva,gold,2024-08-21,191,1,665.1,3,1,3,7,Potential
2936.0,Tallinn,silver,2024-06-24,249,1,560.31,2,1,2,5,At Risk
2937.0,Tallinn,,2023-10-08,509,3,1045.73,1,3,4,8,Potential
2938.0,Rakvere,bronze,2024-04-30,304,4,887.6,2,4,3,9,Potential
2939.0,Kuressaare,silver,2024-10-01,150,2,985.14,3,2,4,9,Potential
2940.0,Pärnu,bronze,2024-11-19,101,2,205.14,4,2,1,7,Potential
2941.0,Pärnu,,2024-10-27,124,7,1834.43,3,5,5,13,VIP Champions
2942.0,Haapsalu,,2024-09-07,174,5,1013.22,3,5,4,12,Loyal
2943.0,Jõhvi,gold,2024-10-01,150,4,782.71,3,4,3,10,Loyal
2944.0,Pärnu,,2025-01-05,54,2,989.18,5,2,4,11,Loyal
2946.0,Võru,,2025-02-12,16,5,1366.3500000000001,5,5,4,14,VIP Champions
2948.0,Narva,gold,2024-04-30,304,3,570.93,2,3,2,7,Potential
2949.0,Tartu,,2024-12-11,79,7,2421.0499999999997,4,5,5,14,VIP Champions
2950.0,Tallinn,,2024-02-12,382,1,410.0,1,1,2,4,At Risk
2951.0,Rakvere,,2025-01-22,37,4,1474.67,5,4,5,14,VIP Champions
2952.0,Valga,silver,2024-09-20,161,7,2632.69,3,5,5,13,VIP Champions
2954.0,Tallinn,,2025-01-30,29,4,2431.92,5,4,5,14,VIP Champions
2955.0,Tallinn,,2025-01-24,35,13,5417.71,5,5,5,15,VIP Champions
2956.0,Tallinn,bronze,2025-02-23,5,5,2317.91,5,5,5,15,VIP Champions
2957.0,Tallinn,,2024-02-18,376,3,973.53,1,3,4,8,Potential
2960.0,Pärnu,silver,2024-06-07,266,2,248.67000000000002,2,2,1,5,At Risk
2961.0,Tallinn,,2025-02-24,4,6,4419.27,5,5,5,15,VIP Champions
2962.0,Narva,,2024-06-18,255,1,158.94,2,1,1,4,At Risk
2963.0,Kuressaare,silver,2025-02-13,15,5,737.71,5,5,3,13,VIP Champions
2964.0,Tallinn,gold,2024-12-01,89,1,388.92,4,1,2,7,Potential
2966.0,Tallinn,silver,2024-12-07,83,3,474.64,4,3,2,9,Potential
2968.0,Rakvere,silver,2024-07-24,219,3,859.1200000000001,2,3,3,8,Potential
2969.0,Tartu,silver,2023-07-26,583,2,1495.79,1,2,5,8,Potential
2971.0,Viljandi,silver,2024-07-13,230,3,683.38,2,3,3,8,Potential
2972.0,Tartu,,2023-12-23,433,5,737.1800000000001,1,5,3,9,Potential
2973.0,Valga,bronze,2023-12-25,431,4,1096.84,1,4,4,9,Potential
2974.0,Tallinn,,2024-05-08,296,1,272.6,2,1,1,4,At Risk
2975.0,Haapsalu,,2024-02-14,380,2,630.5699999999999,1,2,2,5,At Risk
2976.0,Viljandi,,2024-01-28,397,3,1458.65,1,3,5,9,Potential
2977.0,Tallinn,,2024-10-20,131,4,2348.3599999999997,3,4,5,12,Loyal
2978.0,Rakvere,gold,2024-06-23,250,5,2306.84,2,5,5,12,Loyal
2979.0,Valga,bronze,2024-10-24,127,3,929.3100000000001,3,3,3,9,Potential
2980.0,Tallinn,,2025-02-11,17,6,1640.12,5,5,5,15,VIP Champions
2981.0,Tallinn,silver,2024-10-04,147,2,157.42000000000002,3,2,1,6,At Risk
2983.0,Tallinn,,2023-06-19,620,3,556.95,1,3,2,6,At Risk
2984.0,Tallinn,,2025-02-17,11,5,853.25,5,5,3,13,VIP Champions
2986.0,Tallinn,gold,2023-10-08,509,2,1030.51,1,2,4,7,Potential
2987.0,Valga,bronze,2025-02-17,11,4,792.25,5,4,3,12,Loyal
2988.0,Tartu,silver,2024-01-07,418,1,360.28,1,1,2,4,At Risk
2989.0,Pärnu,,2024-06-12,261,5,2035.4599999999998,2,5,5,12,Loyal
2990.0,Tallinn,,2023-11-30,456,2,473.52,1,2,2,5,At Risk
2991.0,Valga,silver,2024-08-01,211,2,1165.86,2,2,4,8,Potential
2993.0,Tartu,silver,2024-12-14,76,1,329.99,4,1,1,6,At Risk
2994.0,Tallinn,bronze,2024-11-26,94,2,1026.64,4,2,4,10,Loyal
2995.0,Tallinn,,2024-12-15,75,2,626.36,4,2,2,8,Potential
2996.0,Tallinn,gold,2024-11-03,117,4,848.0600000000001,4,4,3,11,Loyal
2997.0,Tallinn,gold,2026-01-01,-307,77,23667.93,5,5,5,15,VIP Champions
2999.0,Pärnu,,2024-12-01,89,3,896.82,4,3,3,10,Loyal
3000.0,Tallinn,,2024-10-02,149,3,748.95,3,3,3,9,Potential
3001.0,Tallinn,bronze,2025-02-21,7,4,2657.02,5,4,5,14,VIP Champions
3002.0,Pärnu,,2023-08-21,557,1,659.49,1,1,3,5,At Risk
3003.0,Tallinn,silver,2024-12-03,87,5,1210.3600000000001,4,5,4,13,VIP Champions
3004.0,Tartu,,2024-09-23,158,1,583.44,3,1,2,6,At Risk
3006.0,Tartu,,2024-05-20,284,1,331.59,2,1,1,4,At Risk
3007.0,Tallinn,silver,2024-04-12,322,1,47.36,2,1,1,4,At Risk
3008.0,Tartu,,2023-02-16,743,1,1053.99,1,1,4,6,At Risk
3009.0,Tallinn,silver,2024-08-07,205,3,894.12,2,3,3,8,Potential
3010.0,Tallinn,gold,2024-12-20,70,5,1860.23,4,5,5,14,VIP Champions
3011.0,Pärnu,gold,2024-08-03,209,4,698.89,2,4,3,9,Potential
3012.0,Haapsalu,bronze,2024-12-15,75,4,901.24,4,4,3,11,Loyal
3014.0,Paide,,2025-02-25,3,3,1449.1399999999999,5,3,5,13,VIP Champions
3015.0,Tallinn,gold,2024-05-05,299,3,1298.75,2,3,4,9,Potential
3017.0,Pärnu,,2024-04-15,319,1,291.72,2,1,1,4,At Risk
3018.0,Kuressaare,,2024-05-16,288,3,1289.71,2,3,4,9,Potential
3019.0,Tartu,,2024-08-06,206,4,1756.05,2,4,5,11,Loyal
3020.0,Tartu,,2025-02-10,18,3,944.1999999999999,5,3,3,11,Loyal
3021.0,Paide,,2024-08-14,198,1,147.58,3,1,1,5,At Risk
3022.0,Tallinn,,2024-07-01,242,2,951.1500000000001,2,2,3,7,Potential
3023.0,Haapsalu,,2024-04-12,322,3,729.79,2,3,3,8,Potential
3024.0,Pärnu,gold,2024-08-14,198,1,1482.9,3,1,5,9,Potential
3025.0,Pärnu,,2025-02-10,18,5,1696.74,5,5,5,15,VIP Champions
3026.0,Valga,,2024-08-28,184,4,972.7500000000001,3,4,4,11,Loyal
3027.0,Paide,,2024-12-06,84,1,420.72,4,1,2,7,Potential
3028.0,Tallinn,,2024-06-17,256,2,122.81,2,2,1,5,At Risk
3030.0,Tallinn,,2024-11-02,118,2,1153.6499999999999,4,2,4,10,Loyal
3032.0,Kuressaare,,2023-03-09,722,1,205.89,1,1,1,3,Lost
3033.0,Tartu,silver,2024-10-26,125,5,1177.32,3,5,4,12,Loyal
3034.0,Tallinn,,2024-10-24,127,5,1779.09,3,5,5,13,VIP Champions
3035.0,Haapsalu,,2025-02-26,2,6,3185.2,5,5,5,15,VIP Champions
3036.0,Valga,gold,2025-02-13,15,3,471.63,5,3,2,10,Loyal
3038.0,Tartu,,2024-08-12,200,4,437.58,3,4,2,9,Potential
3039.0,Viljandi,gold,2025-02-12,16,1,77.78,5,1,1,7,Potential
3041.0,Tartu,,2024-06-18,255,7,1750.51,2,5,5,12,Loyal
3043.0,Pärnu,gold,2024-12-22,68,3,661.73,4,3,3,10,Loyal
3044.0,Tallinn,,2024-05-04,300,5,1564.31,2,5,5,12,Loyal
3045.0,Valga,silver,2025-12-04,-279,4,910.96,5,4,3,12,Loyal
3046.0,Rakvere,gold,2024-12-19,71,6,2380.65,4,5,5,14,VIP Champions
3047.0,Tartu,,2024-08-25,187,3,1122.68,3,3,4,10,Loyal
3048.0,Pärnu,,2024-11-12,108,6,2558.87,4,5,5,14,VIP Champions
3049.0,Tallinn,gold,2024-04-26,308,2,852.1700000000001,2,2,3,7,Potential
3050.0,Tallinn,bronze,2025-01-10,49,4,975.28,5,4,4,13,VIP Champions
3051.0,Tallinn,silver,2024-12-13,77,1,47.38,4,1,1,6,At Risk
3052.0,Tallinn,gold,2025-02-02,26,2,366.04999999999995,5,2,2,9,Potential
3053.0,Tartu,,2024-08-04,208,4,749.6800000000001,2,4,3,9,Potential
3055.0,Tartu,silver,2025-01-22,37,3,817.76,5,3,3,11,Loyal
3056.0,Tallinn,silver,2024-10-21,130,1,536.3,3,1,2,6,At Risk
3057.0,Pärnu,silver,2024-10-02,149,7,2860.92,3,5,5,13,VIP Champions
3058.0,Tallinn,,2024-03-25,340,3,1758.18,1,3,5,9,Potential
3059.0,Tallinn,,2025-02-23,5,1,51.58,5,1,1,7,Potential
3061.0,Rakvere,bronze,2025-01-30,29,2,369.31000000000006,5,2,2,9,Potential
3062.0,Tartu,,2024-10-28,123,5,1181.5900000000001,3,5,4,12,Loyal
3063.0,Paide,,2024-12-26,64,3,896.46,4,3,3,10,Loyal
3064.0,Tartu,silver,2024-12-31,59,3,411.44,5,3,2,10,Loyal
3065.0,Haapsalu,bronze,2024-12-23,67,2,562.43,4,2,2,8,Potential
3066.0,Tallinn,bronze,2025-02-06,22,2,1336.1,5,2,4,11,Loyal
3067.0,Tartu,gold,2024-10-31,120,3,821.5899999999999,3,3,3,9,Potential
3068.0,Kuressaare,silver,2024-11-16,104,4,718.13,4,4,3,11,Loyal
3069.0,Tallinn,bronze,2025-01-27,32,5,1339.74,5,5,4,14,VIP Champions
3070.0,Tallinn,silver,2025-02-01,27,4,807.98,5,4,3,12,Loyal
3071.0,Pärnu,silver,2025-02-22,6,3,1443.91,5,3,5,13,VIP Champions
3072.0,Tallinn,,2024-03-06,359,3,1864.32,1,3,5,9,Potential
3073.0,Tallinn,bronze,2024-10-18,133,2,508.98,3,2,2,7,Potential
3074.0,Tartu,,2024-12-10,80,4,1813.5700000000002,4,4,5,13,VIP Champions
3075.0,Tallinn,bronze,2025-02-17,11,1,145.16,5,1,1,7,Potential
3076.0,Narva,bronze,2024-12-27,63,5,1837.7999999999997,4,5,5,14,VIP Champions
3077.0,Narva,bronze,2025-01-06,53,5,1516.87,5,5,5,15,VIP Champions
3079.0,Tallinn,bronze,2024-11-13,107,1,200.77,4,1,1,6,At Risk
3080.0,Valga,bronze,2024-01-29,396,3,799.3499999999999,1,3,3,7,Potential
3081.0,Tallinn,gold,2024-08-10,202,6,910.91,3,5,3,11,Loyal
3082.0,Tartu,silver,2024-07-17,226,3,1497.6399999999999,2,3,5,10,Loyal
3083.0,Tallinn,,2024-09-02,179,3,728.9,3,3,3,9,Potential
3084.0,Haapsalu,,2024-07-28,215,2,922.02,2,2,3,7,Potential
3085.0,Tallinn,,2023-12-16,440,5,1178.58,1,5,4,10,Loyal
3089.0,Tallinn,gold,2024-05-30,274,1,160.21,2,1,1,4,At Risk
3090.0,Tallinn,,2024-08-12,200,2,332.69,3,2,1,6,At Risk
3091.0,Jõhvi,gold,2025-02-18,10,1,209.7,5,1,1,7,Potential
3093.0,Narva,,2023-05-13,657,1,153.62,1,1,1,3,Lost
3094.0,Tallinn,,2023-12-16,440,2,844.0799999999999,1,2,3,6,At Risk
3095.0,Tartu,,2024-12-23,67,2,534.54,4,2,2,8,Potential
3096.0,Valga,gold,2024-10-29,122,5,1557.57,3,5,5,13,VIP Champions
3098.0,Jõhvi,gold,2024-12-30,60,2,889.5600000000001,4,2,3,9,Potential
3099.0,Tartu,silver,2024-03-08,357,4,829.18,1,4,3,8,Potential
3100.0,Tallinn,,2023-10-15,502,2,364.24,1,2,2,5,At Risk
3101.0,Kuressaare,,2024-12-21,69,1,332.54,4,1,1,6,At Risk
3103.0,Tartu,,2024-08-17,195,7,1606.22,3,5,5,13,VIP Champions
3106.0,Tallinn,silver,2024-04-11,323,3,680.26,2,3,3,8,Potential
3107.0,Jõhvi,,2024-05-13,291,3,1468.1799999999998,2,3,5,10,Loyal
3108.0,Tartu,gold,2024-09-26,155,5,878.8199999999999,3,5,3,11,Loyal
3109.0,Tallinn,gold,2024-08-31,181,3,699.16,3,3,3,9,Potential
3110.0,Tallinn,bronze,2024-04-29,305,4,677.78,2,4,3,9,Potential
3111.0,Viljandi,silver,2024-10-03,148,4,1033.76,3,4,4,11,Loyal
3112.0,Tallinn,gold,2024-12-01,89,6,1905.14,4,5,5,14,VIP Champions
3113.0,Kuressaare,,2024-08-03,209,2,664.51,2,2,3,7,Potential
3114.0,Narva,,2024-01-26,399,3,879.0799999999999,1,3,3,7,Potential
3115.0,Tartu,silver,2024-08-28,184,2,894.25,3,2,3,8,Potential
3116.0,Tallinn,bronze,2024-07-02,241,1,756.99,2,1,3,6,At Risk
3118.0,Narva,silver,2024-12-21,69,6,1947.42,4,5,5,14,VIP Champions
3119.0,Viljandi,,2024-08-15,197,7,2317.38,3,5,5,13,VIP Champions
3120.0,Pärnu,,2025-02-14,14,1,116.1,5,1,1,7,Potential
3121.0,Pärnu,silver,2023-05-29,641,1,210.18,1,1,1,3,Lost
3122.0,Tallinn,bronze,2024-04-18,316,2,963.02,2,2,4,8,Potential
3123.0,Võru,bronze,2024-08-20,192,4,577.3900000000001,3,4,2,9,Potential
3125.0,Tallinn,bronze,2025-01-06,53,6,1053.59,5,5,4,14,VIP Champions
3126.0,Tallinn,,2024-12-02,88,2,381.57,4,2,2,8,Potential
3127.0,Tallinn,bronze,2024-06-15,258,5,1939.28,2,5,5,12,Loyal
3128.0,Pärnu,,2025-02-07,21,7,1599.6000000000001,5,5,5,15,VIP Champions
3129.0,Narva,,2024-09-07,174,1,101.26,3,1,1,5,At Risk
3130.0,Tartu,bronze,2025-12-12,-287,6,715.35,5,5,3,13,VIP Champions
3131.0,Tartu,,2024-12-22,68,3,679.95,4,3,3,10,Loyal
3132.0,Narva,,2024-11-05,115,4,1126.1599999999999,4,4,4,12,Loyal
3133.0,Tallinn,silver,2024-01-08,417,6,1212.02,1,5,4,10,Loyal
3134.0,Tallinn,,2024-11-25,95,4,696.94,4,4,3,11,Loyal
3135.0,Narva,bronze,2024-01-30,395,2,426.44,1,2,2,5,At Risk
3136.0,Pärnu,,2024-03-20,345,5,1938.3200000000002,1,5,5,11,Loyal
3137.0,Tallinn,,2024-11-30,90,2,888.49,4,2,3,9,Potential
3138.0,Pärnu,silver,2024-10-07,144,4,675.25,3,4,3,10,Loyal
3139.0,Viljandi,silver,2024-10-22,129,1,138.9,3,1,1,5,At Risk
3140.0,Tallinn,gold,2023-09-22,525,2,337.79,1,2,1,4,At Risk
3142.0,Haapsalu,silver,2023-07-16,593,1,276.26,1,1,1,3,Lost
3143.0,Pärnu,gold,2025-01-16,43,2,184.81,5,2,1,8,Potential
3144.0,Tartu,bronze,2025-01-31,28,2,532.12,5,2,2,9,Potential
3145.0,Jõhvi,silver,2023-04-07,693,1,737.94,1,1,3,5,At Risk
3146.0,Tallinn,,2024-11-03,117,5,1485.01,4,5,5,14,VIP Champions
3147.0,Tartu,silver,2023-11-10,476,2,354.71000000000004,1,2,2,5,At Risk
3150.0,Viljandi,gold,2025-01-07,52,2,967.83,5,2,4,11,Loyal
3151.0,Rakvere,,2025-02-22,6,3,1082.3000000000002,5,3,4,12,Loyal
3152.0,Tartu,bronze,2023-12-20,436,3,967.29,1,3,4,8,Potential
3153.0,Viljandi,silver,2025-02-10,18,3,698.22,5,3,3,11,Loyal
3154.0,Kuressaare,,2024-12-02,88,5,994.21,4,5,4,13,VIP Champions
3156.0,Tartu,,2024-09-17,164,1,377.82,3,1,2,6,At Risk
3158.0,Tallinn,bronze,2024-11-21,99,2,481.90999999999997,4,2,2,8,Potential
3159.0,Tallinn,gold,2025-01-10,49,5,578.7,5,5,2,12,Loyal
3160.0,Tartu,,2024-06-16,257,4,1472.5900000000001,2,4,5,11,Loyal
3161.0,Pärnu,silver,2024-06-14,259,2,410.38,2,2,2,6,At Risk
3163.0,Tallinn,,2025-02-08,20,5,1752.62,5,5,5,15,VIP Champions
3164.0,Rakvere,,2024-06-14,259,4,1437.18,2,4,5,11,Loyal
3165.0,Tallinn,gold,2024-11-27,93,6,2108.35,4,5,5,14,VIP Champions
3166.0,Narva,,2024-08-22,190,6,2859.4500000000003,3,5,5,13,VIP Champions
3167.0,Tallinn,bronze,2025-02-17,11,2,297.86,5,2,1,8,Potential
3168.0,Pärnu,bronze,2024-10-12,139,1,70.01,3,1,1,5,At Risk
3169.0,Tartu,bronze,2024-12-10,80,1,231.13,4,1,1,6,At Risk
3170.0,Tallinn,,2023-11-03,483,2,366.60999999999996,1,2,2,5,At Risk
3171.0,Rakvere,silver,2024-11-14,106,2,571.41,4,2,2,8,Potential
3172.0,Tallinn,bronze,2024-08-31,181,3,908.8499999999999,3,3,3,9,Potential
3173.0,Tartu,,2024-08-13,199,1,190.86,3,1,1,5,At Risk
3174.0,Tartu,bronze,2024-07-19,224,1,138.13,2,1,1,4,At Risk
3177.0,Tallinn,silver,2024-07-18,225,4,1028.18,2,4,4,10,Loyal
3178.0,Narva,,2024-11-18,102,2,325.42,4,2,1,7,Potential
3179.0,Tartu,gold,2024-07-24,219,2,760.46,2,2,3,7,Potential
3180.0,Tallinn,bronze,2024-09-26,155,3,368.2,3,3,2,8,Potential
3182.0,Tallinn,gold,2024-09-09,172,4,1167.5400000000002,3,4,4,11,Loyal
3183.0,Tallinn,bronze,2024-09-06,175,3,1119.83,3,3,4,10,Loyal
3184.0,Tartu,gold,2023-10-20,497,2,1490.94,1,2,5,8,Potential
3185.0,Rakvere,bronze,2024-08-28,184,5,1557.54,3,5,5,13,VIP Champions
3186.0,Narva,bronze,2024-08-24,188,2,898.37,3,2,3,8,Potential
3187.0,Tartu,silver,2023-10-07,510,1,218.84,1,1,1,3,Lost
3189.0,Jõhvi,,2025-02-14,14,2,721.5799999999999,5,2,3,10,Loyal
3190.0,Tallinn,,2025-01-24,35,1,402.62,5,1,2,8,Potential
3192.0,Kuressaare,,2024-08-08,204,3,812.3199999999999,2,3,3,8,Potential
3194.0,Narva,,2025-01-14,45,5,1679.42,5,5,5,15,VIP Champions
3196.0,Tartu,gold,2024-07-30,213,2,324.18,2,2,1,5,At Risk
3197.0,Tartu,silver,2024-06-12,261,7,1776.78,2,5,5,12,Loyal
3198.0,Pärnu,,2024-09-12,169,3,722.29,3,3,3,9,Potential
3199.0,Tartu,silver,2025-01-19,40,3,555.75,5,3,2,10,Loyal
3200.0,Narva,,2024-12-15,75,4,1511.45,4,4,5,13,VIP Champions
3201.0,Tartu,gold,2025-01-02,57,6,2257.99,5,5,5,15,VIP Champions
3202.0,Tallinn,,2024-10-24,127,1,420.72,3,1,2,6,At Risk
3203.0,Tallinn,bronze,2024-03-16,349,3,970.74,1,3,4,8,Potential
3204.0,Tallinn,silver,2024-12-06,84,4,1300.22,4,4,4,12,Loyal
3205.0,Viljandi,,2024-11-05,115,1,276.2,4,1,1,6,At Risk
3206.0,Tallinn,,2024-09-20,161,5,3427.36,3,5,5,13,VIP Champions
3207.0,Tartu,,2024-02-23,371,2,265.98,1,2,1,4,At Risk
3208.0,Võru,,2024-08-30,182,3,473.48,3,3,2,8,Potential
3210.0,Pärnu,gold,2024-12-05,85,3,885.42,4,3,3,10,Loyal
3211.0,Narva,,2024-07-20,223,1,434.08,2,1,2,5,At Risk
3212.0,Tallinn,silver,2024-10-15,136,4,616.85,3,4,2,9,Potential
3213.0,Tallinn,,2024-03-26,339,3,683.8,1,3,3,7,Potential
3214.0,Pärnu,,2024-12-03,87,5,1156.1,4,5,4,13,VIP Champions
3216.0,Tallinn,bronze,2024-08-04,208,1,417.44,2,1,2,5,At Risk
3217.0,Tallinn,bronze,2024-04-14,320,1,327.07,2,1,1,4,At Risk
3218.0,Jõhvi,,2025-02-21,7,4,1319.55,5,4,4,13,VIP Champions
3219.0,Tallinn,,2024-04-25,309,1,431.16,2,1,2,5,At Risk
3221.0,Tallinn,silver,2024-07-21,222,2,104.35,2,2,1,5,At Risk
3222.0,Narva,,2024-12-27,63,2,1088.2,4,2,4,10,Loyal
3223.0,Pärnu,gold,2024-07-02,241,2,563.99,2,2,2,6,At Risk
3224.0,Tartu,silver,2024-04-05,329,1,215.58,1,1,1,3,Lost
3225.0,Tartu,,2024-10-01,150,3,1064.95,3,3,4,10,Loyal
3226.0,Tallinn,bronze,2025-02-06,22,3,364.41,5,3,2,10,Loyal
3227.0,Viljandi,,2025-02-19,9,7,1768.32,5,5,5,15,VIP Champions
3228.0,Tallinn,gold,2025-01-18,41,5,2581.17,5,5,5,15,VIP Champions
3229.0,Tallinn,gold,2025-02-28,0,4,793.86,5,4,3,12,Loyal
3230.0,Tallinn,gold,2024-09-07,174,5,1380.38,3,5,4,12,Loyal
3231.0,Valga,,2024-09-20,161,2,1202.74,3,2,4,9,Potential
3232.0,Tallinn,,2024-11-07,113,6,1311.62,4,5,4,13,VIP Champions
3233.0,Tartu,,2025-02-24,4,6,1031.4099999999999,5,5,4,14,VIP Champions
3234.0,Pärnu,bronze,2025-02-13,15,4,630.11,5,4,2,11,Loyal
3235.0,Pärnu,,2024-10-11,140,4,2142.65,3,4,5,12,Loyal
3236.0,Rakvere,bronze,2023-07-28,581,3,373.79,1,3,2,6,At Risk
3237.0,Pärnu,bronze,2024-08-29,183,4,917.83,3,4,3,10,Loyal
3238.0,Narva,gold,2024-11-03,117,2,559.08,4,2,2,8,Potential
3239.0,Tallinn,,2024-04-21,313,2,888.68,2,2,3,7,Potential
3240.0,Tallinn,gold,2025-02-26,2,7,2364.86,5,5,5,15,VIP Champions
3241.0,Paide,bronze,2024-09-18,163,3,527.05,3,3,2,8,Potential
3242.0,Pärnu,gold,2025-02-16,12,7,2050.61,5,5,5,15,VIP Champions
3243.0,Pärnu,silver,2024-08-01,211,2,383.87,2,2,2,6,At Risk
3244.0,Tartu,,2023-11-07,479,1,205.89,1,1,1,3,Lost
3246.0,Jõhvi,gold,2025-12-27,-302,6,1333.93,5,5,4,14,VIP Champions
3247.0,Tartu,,2023-12-01,455,3,1997.6100000000001,1,3,5,9,Potential
3248.0,Tallinn,,2023-09-17,530,3,958.16,1,3,3,7,Potential
3249.0,Valga,bronze,2025-01-31,28,5,1946.02,5,5,5,15,VIP Champions
3250.0,Pärnu,,2024-07-09,234,2,342.68,2,2,1,5,At Risk
3251.0,Võru,bronze,2025-12-07,-282,4,1611.69,5,4,5,14,VIP Champions
3252.0,Tartu,bronze,2024-12-06,84,4,1597.97,4,4,5,13,VIP Champions
3253.0,Tallinn,silver,2025-01-21,38,3,1159.83,5,3,4,12,Loyal
3254.0,Tallinn,,2025-01-24,35,2,579.8,5,2,2,9,Potential
3255.0,Tartu,bronze,2023-12-13,443,1,106.69,1,1,1,3,Lost
3257.0,Narva,,2025-01-14,45,2,405.62,5,2,2,9,Potential
3258.0,Tallinn,gold,2025-01-04,55,5,1258.45,5,5,4,14,VIP Champions
3260.0,Narva,,2024-05-27,277,2,411.47,2,2,2,6,At Risk
3261.0,Tartu,gold,2025-01-27,32,3,988.88,5,3,4,12,Loyal
3262.0,Tallinn,,2024-06-06,267,2,1332.42,2,2,4,8,Potential
3263.0,Tallinn,,2025-02-20,8,3,1265.96,5,3,4,12,Loyal
3264.0,Valga,,2023-10-19,498,1,163.64,1,1,1,3,Lost
3265.0,Tallinn,,2024-10-25,126,2,535.47,3,2,2,7,Potential
3266.0,Tartu,silver,2024-04-10,324,1,706.6,2,1,3,6,At Risk
3267.0,Tallinn,,2024-09-14,167,2,617.28,3,2,2,7,Potential
3268.0,Tartu,,2024-05-16,288,8,2490.68,2,5,5,12,Loyal
3269.0,Pärnu,silver,2025-02-09,19,2,431.53999999999996,5,2,2,9,Potential
3270.0,Viljandi,bronze,2024-11-02,118,3,1385.83,4,3,4,11,Loyal
3271.0,Tartu,,2024-03-27,338,3,699.21,1,3,3,7,Potential
3273.0,Tartu,,2024-12-28,62,3,1680.9299999999998,4,3,5,12,Loyal
3275.0,Tartu,,2024-04-01,333,4,2133.3900000000003,1,4,5,10,Loyal
3278.0,Narva,,2023-12-04,452,1,153.4,1,1,1,3,Lost
3279.0,Valga,bronze,2026-05-18,-444,4,835.34,5,4,3,12,Loyal
3280.0,Jõhvi,,2024-11-23,97,6,1766.0,4,5,5,14,VIP Champions
3281.0,Tallinn,,2024-08-29,183,1,48.85,3,1,1,5,At Risk
3282.0,Paide,gold,2024-12-24,66,3,940.87,4,3,3,10,Loyal
3283.0,Valga,,2024-11-09,111,5,1025.0900000000001,4,5,4,13,VIP Champions
3284.0,Tallinn,,2024-11-24,96,3,1005.3299999999999,4,3,4,11,Loyal
3285.0,Tartu,silver,2025-02-07,21,4,828.2800000000001,5,4,3,12,Loyal
3286.0,Jõhvi,,2024-12-22,68,2,217.36,4,2,1,7,Potential
3287.0,Tartu,gold,2024-06-10,263,3,1361.59,2,3,4,9,Potential
3288.0,Tallinn,,2023-12-11,445,2,387.83000000000004,1,2,2,5,At Risk
3289.0,Pärnu,silver,2024-12-05,85,2,1166.6699999999998,4,2,4,10,Loyal
3290.0,Tartu,gold,2023-12-26,430,1,495.28,1,1,2,4,At Risk
3291.0,Rakvere,,2024-05-22,282,4,1196.89,2,4,4,10,Loyal
3292.0,Pärnu,silver,2024-11-11,109,3,1618.98,4,3,5,12,Loyal
3293.0,Tartu,,2024-12-18,72,3,408.32000000000005,4,3,2,9,Potential
3296.0,Viljandi,gold,2024-06-19,254,3,988.51,2,3,4,9,Potential
3297.0,Tartu,,2024-04-16,318,5,1414.81,2,5,4,11,Loyal
3298.0,Tallinn,,2024-07-10,233,3,924.58,2,3,3,8,Potential
3299.0,Kuressaare,,2023-10-04,513,1,171.33,1,1,1,3,Lost
3300.0,Narva,,2025-02-22,6,3,1156.05,5,3,4,12,Loyal
3301.0,Tallinn,,2025-01-29,30,1,151.08,5,1,1,7,Potential
3302.0,Võru,,2025-02-03,25,6,2567.91,5,5,5,15,VIP Champions
3304.0,Tallinn,bronze,2025-02-22,6,1,321.42,5,1,1,7,Potential
3305.0,Narva,gold,2024-07-08,235,7,2502.82,2,5,5,12,Loyal
3306.0,Tallinn,,2024-05-11,293,1,260.0,2,1,1,4,At Risk
3308.0,Tallinn,,2023-05-19,651,2,108.18,1,2,1,4,At Risk
3309.0,Kuressaare,gold,2024-07-10,233,4,940.05,2,4,3,9,Potential
3311.0,Tartu,bronze,2025-01-06,53,3,569.36,5,3,2,10,Loyal
3312.0,Tallinn,,2024-05-04,300,5,1043.67,2,5,4,11,Loyal
3313.0,Tallinn,,2024-07-18,225,1,138.9,2,1,1,4,At Risk
3314.0,Tallinn,,2024-12-03,87,3,1241.13,4,3,4,11,Loyal
3315.0,Haapsalu,,2024-04-24,310,2,617.62,2,2,2,6,At Risk
3316.0,Tartu,gold,2024-05-21,283,3,685.79,2,3,3,8,Potential
3317.0,Tallinn,bronze,2024-05-18,286,2,315.8,2,2,1,5,At Risk
3319.0,Tallinn,silver,2024-10-19,132,1,432.36,3,1,2,6,At Risk
3320.0,Tallinn,,2024-04-28,306,3,641.6500000000001,2,3,3,8,Potential
3321.0,Tallinn,,2025-02-02,26,3,1037.3799999999999,5,3,4,12,Loyal
3322.0,Narva,silver,2024-05-07,297,5,1218.77,2,5,4,11,Loyal
3324.0,Narva,silver,2025-02-11,17,2,366.84000000000003,5,2,2,9,Potential
3325.0,Tallinn,gold,2024-10-13,138,4,1357.46,3,4,4,11,Loyal
3326.0,Viljandi,,2024-09-21,160,2,329.28,3,2,1,6,At Risk
3327.0,Viljandi,silver,2024-09-09,172,4,1452.9,3,4,5,12,Loyal
3328.0,Tallinn,,2024-09-13,168,2,918.5,3,2,3,8,Potential
3329.0,Tallinn,gold,2025-01-04,55,4,754.06,5,4,3,12,Loyal
3330.0,Viljandi,,2024-10-16,135,4,688.28,3,4,3,10,Loyal
3332.0,Rakvere,gold,2025-01-11,48,5,1439.6299999999999,5,5,5,15,VIP Champions
3334.0,Rakvere,bronze,2025-01-13,46,2,987.75,5,2,4,11,Loyal
3335.0,Tartu,,2024-01-16,409,1,356.57,1,1,2,4,At Risk
3336.0,Tallinn,gold,2023-12-12,444,3,562.58,1,3,2,6,At Risk
3337.0,Tallinn,bronze,2024-12-08,82,3,750.28,4,3,3,10,Loyal
3338.0,Jõhvi,silver,2024-08-23,189,5,899.12,3,5,3,11,Loyal
3339.0,Tallinn,bronze,2024-08-05,207,5,1313.5,2,5,4,11,Loyal
3341.0,Kuressaare,silver,2024-06-27,246,2,390.94,2,2,2,6,At Risk
3342.0,Narva,,2025-01-09,50,6,2038.1599999999999,5,5,5,15,VIP Champions
3343.0,Tallinn,silver,2024-12-25,65,3,1666.4799999999998,4,3,5,12,Loyal
3345.0,Rakvere,gold,2025-02-12,16,2,257.97,5,2,1,8,Potential
3346.0,Tartu,silver,2024-07-17,226,1,183.31,2,1,1,4,At Risk
3347.0,Tallinn,silver,2025-02-23,5,1,106.69,5,1,1,7,Potential
3348.0,Kuressaare,gold,2024-07-05,238,2,233.79,2,2,1,5,At Risk
3349.0,Tartu,silver,2025-01-15,44,1,204.87,5,1,1,7,Potential
3350.0,Pärnu,silver,2025-02-09,19,76,26286.100000000002,5,5,5,15,VIP Champions
3351.0,Viljandi,silver,2024-12-22,68,6,2124.85,4,5,5,14,VIP Champions
3352.0,Tallinn,gold,2024-07-23,220,2,851.01,2,2,3,7,Potential
3353.0,Tartu,,2024-08-20,192,1,214.72,3,1,1,5,At Risk
3354.0,Haapsalu,silver,2024-08-28,184,4,851.03,3,4,3,10,Loyal
3355.0,Tallinn,bronze,2025-01-23,36,5,1314.56,5,5,4,14,VIP Champions
3356.0,Võru,gold,2024-06-17,256,6,1166.13,2,5,4,11,Loyal
3357.0,Tartu,silver,2024-12-15,75,4,745.69,4,4,3,11,Loyal
3358.0,Pärnu,,2024-12-25,65,6,1710.5700000000002,4,5,5,14,VIP Champions
3359.0,Narva,,2024-05-27,277,5,856.03,2,5,3,10,Loyal
3361.0,Tartu,silver,2024-10-09,142,6,1238.29,3,5,4,12,Loyal
3362.0,Paide,bronze,2024-12-24,66,5,1104.57,4,5,4,13,VIP Champions
3363.0,Tallinn,bronze,2024-04-09,325,1,130.02,2,1,1,4,At Risk
3364.0,Võru,bronze,2024-08-24,188,1,278.59,3,1,1,5,At Risk
3365.0,Tallinn,silver,2024-11-16,104,4,501.06,4,4,2,10,Loyal
3366.0,Tallinn,silver,2024-05-18,286,4,784.36,2,4,3,9,Potential
3367.0,Pärnu,,2025-01-02,57,3,2322.4,5,3,5,13,VIP Champions
3368.0,Rakvere,,2024-10-08,143,3,782.91,3,3,3,9,Potential
3370.0,Tallinn,,2025-02-27,1,1,44.08,5,1,1,7,Potential
3371.0,Tallinn,,2024-12-30,60,5,1191.77,4,5,4,13,VIP Champions
3372.0,Tallinn,silver,2024-06-17,256,2,1467.9699999999998,2,2,5,9,Potential
3373.0,Tallinn,gold,2025-01-24,35,3,1566.4,5,3,5,13,VIP Champions
3374.0,Tallinn,bronze,2024-12-01,89,2,473.74,4,2,2,8,Potential
3375.0,Tartu,bronze,2024-09-01,180,2,1357.61,3,2,4,9,Potential
3376.0,Haapsalu,silver,2024-06-08,265,4,1095.65,2,4,4,10,Loyal
3377.0,Viljandi,gold,2024-05-24,280,5,600.33,2,5,2,9,Potential
3379.0,Tallinn,,2024-04-08,326,3,1158.97,1,3,4,8,Potential
3380.0,Viljandi,bronze,2024-04-05,329,1,1128.99,1,1,4,6,At Risk
3382.0,Tallinn,gold,2024-11-25,95,4,848.46,4,4,3,11,Loyal
3383.0,Tallinn,bronze,2024-09-12,169,2,658.49,3,2,3,8,Potential
3384.0,Pärnu,silver,2025-02-24,4,8,2331.12,5,5,5,15,VIP Champions
3386.0,Tartu,bronze,2024-09-21,160,1,605.72,3,1,2,6,At Risk
3387.0,Tartu,,2023-06-16,623,2,539.19,1,2,2,5,At Risk
3388.0,Tartu,gold,2024-12-15,75,3,396.04999999999995,4,3,2,9,Potential
3389.0,Tallinn,gold,2023-12-14,442,3,1347.86,1,3,4,8,Potential
3390.0,Tallinn,bronze,2024-12-06,84,1,273.06,4,1,1,6,At Risk
3391.0,Narva,gold,2024-09-09,172,4,705.5999999999999,3,4,3,10,Loyal
3392.0,Tallinn,bronze,2024-09-02,179,3,756.25,3,3,3,9,Potential
3393.0,Narva,gold,2024-10-04,147,4,805.4100000000001,3,4,3,10,Loyal
3394.0,Valga,,2024-10-29,122,6,2166.71,3,5,5,13,VIP Champions
3395.0,Tallinn,,2024-11-01,119,4,495.07,4,4,2,10,Loyal
3396.0,Tallinn,,2024-12-03,87,2,513.08,4,2,2,8,Potential
3397.0,Tartu,silver,2024-07-28,215,4,651.23,2,4,3,9,Potential
3398.0,Tartu,gold,2024-06-26,247,4,754.8499999999999,2,4,3,9,Potential
3399.0,Pärnu,,2024-08-27,185,5,1266.6100000000001,3,5,4,12,Loyal
3401.0,Pärnu,bronze,2025-01-23,36,5,1729.71,5,5,5,15,VIP Champions
3403.0,Tallinn,,2024-10-16,135,4,610.8199999999999,3,4,2,9,Potential
3404.0,Tallinn,,2024-04-12,322,5,1504.64,2,5,5,12,Loyal
3405.0,Pärnu,bronze,2024-04-19,315,5,647.9,2,5,3,10,Loyal
3406.0,Tallinn,bronze,2024-03-21,344,2,786.0,1,2,3,6,At Risk
3408.0,Tallinn,gold,2025-02-04,24,4,2025.48,5,4,5,14,VIP Champions
3409.0,Tallinn,bronze,2023-12-27,429,1,130.36,1,1,1,3,Lost
3410.0,Viljandi,,2024-10-10,141,2,305.34000000000003,3,2,1,6,At Risk
3411.0,Pärnu,silver,2024-09-04,177,3,783.74,3,3,3,9,Potential
3412.0,Tallinn,bronze,2024-06-25,248,3,1146.99,2,3,4,9,Potential
3413.0,Tartu,silver,2024-12-14,76,1,58.49,4,1,1,6,At Risk
3414.0,Pärnu,silver,2024-10-07,144,3,1075.24,3,3,4,10,Loyal
3415.0,Narva,silver,2023-02-28,731,1,560.04,1,1,2,4,At Risk
3416.0,Haapsalu,,2023-05-10,660,2,494.84,1,2,2,5,At Risk
3417.0,Tartu,gold,2024-05-25,279,3,573.73,2,3,2,7,Potential
3418.0,Tallinn,,2023-04-18,682,2,494.81999999999994,1,2,2,5,At Risk
3419.0,Tallinn,,2024-12-01,89,4,1747.21,4,4,5,13,VIP Champions
3420.0,Tartu,bronze,2024-12-29,61,1,482.26,4,1,2,7,Potential
3421.0,Tartu,silver,2023-09-25,522,4,314.65,1,4,1,6,At Risk
3422.0,Tallinn,,2024-12-03,87,1,166.52,4,1,1,6,At Risk
3424.0,Kuressaare,silver,2024-12-25,65,6,1538.92,4,5,5,14,VIP Champions
3425.0,Haapsalu,,2024-11-14,106,4,756.99,4,4,3,11,Loyal
3428.0,Tallinn,,2024-12-31,59,1,583.44,5,1,2,8,Potential
3429.0,Haapsalu,,2024-10-14,137,3,635.8,3,3,3,9,Potential
3430.0,Tartu,bronze,2024-12-07,83,4,1405.79,4,4,4,12,Loyal
3431.0,Tallinn,gold,2024-12-23,67,7,1816.4099999999999,4,5,5,14,VIP Champions
3432.0,Tartu,silver,2024-11-28,92,5,2475.63,4,5,5,14,VIP Champions
3433.0,Narva,bronze,2024-12-26,64,1,281.19,4,1,1,6,At Risk
3434.0,Tallinn,gold,2024-12-04,86,3,303.33,4,3,1,8,Potential
3435.0,Tartu,,2024-04-15,319,5,1898.02,2,5,5,12,Loyal
3436.0,Pärnu,silver,2023-06-08,631,2,404.39,1,2,2,5,At Risk
3437.0,Jõhvi,silver,2024-09-28,153,2,614.9200000000001,3,2,2,7,Potential
3438.0,Tallinn,silver,2025-02-21,7,6,1001.6800000000001,5,5,4,14,VIP Champions
3439.0,Tallinn,bronze,2024-06-25,248,7,1783.97,2,5,5,12,Loyal
3441.0,Tallinn,,2024-12-04,86,2,659.5899999999999,4,2,3,9,Potential
3442.0,Tartu,,2024-11-18,102,3,475.26,4,3,2,9,Potential
3443.0,Tartu,silver,2024-10-26,125,3,1064.8700000000001,3,3,4,10,Loyal
3444.0,Rakvere,silver,2024-10-16,135,2,546.62,3,2,2,7,Potential
3445.0,Tallinn,silver,2024-09-02,179,2,299.31,3,2,1,6,At Risk
3446.0,Kuressaare,silver,2024-12-11,79,6,2692.31,4,5,5,14,VIP Champions
3447.0,Tartu,silver,2024-08-21,191,3,1042.22,3,3,4,10,Loyal
3448.0,Narva,bronze,2023-12-19,437,1,271.35,1,1,1,3,Lost
3449.0,Tallinn,bronze,2024-12-10,80,3,1008.65,4,3,4,11,Loyal
3451.0,Tartu,bronze,2024-11-20,100,5,1069.3600000000001,4,5,4,13,VIP Champions
3452.0,Pärnu,,2024-07-13,230,4,489.33,2,4,2,8,Potential
3453.0,Tartu,silver,2025-02-23,5,1,16.62,5,1,1,7,Potential
3454.0,Tallinn,,2024-07-01,242,1,110.53,2,1,1,4,At Risk
3455.0,Pärnu,,2024-06-16,257,1,351.62,2,1,2,5,At Risk
3457.0,Tallinn,bronze,2024-10-26,125,5,1766.75,3,5,5,13,VIP Champions
3458.0,Tartu,gold,2024-03-22,343,4,718.9799999999999,1,4,3,8,Potential
3459.0,Narva,gold,2025-02-19,9,6,1399.3,5,5,4,14,VIP Champions
3460.0,Tartu,,2024-12-26,64,6,2194.25,4,5,5,14,VIP Champions
3461.0,Narva,silver,2024-06-14,259,2,459.94,2,2,2,6,At Risk
3462.0,Tallinn,,2023-11-23,463,2,1002.9499999999999,1,2,4,7,Potential
3463.0,Tallinn,,2025-01-11,48,5,1070.07,5,5,4,14,VIP Champions
3465.0,Tallinn,gold,2023-07-17,592,3,490.09,1,3,2,6,At Risk
3466.0,Tartu,,2023-02-25,734,1,57.08,1,1,1,3,Lost
3467.0,Tallinn,,2025-02-06,22,3,727.73,5,3,3,11,Loyal
3468.0,Narva,bronze,2023-12-14,442,1,23.45,1,1,1,3,Lost
3469.0,Tallinn,gold,2024-09-30,151,4,1117.21,3,4,4,11,Loyal
3470.0,Jõhvi,gold,2024-11-28,92,5,3166.25,4,5,5,14,VIP Champions
3471.0,Tallinn,silver,2024-08-15,197,3,937.94,3,3,3,9,Potential
3472.0,Narva,gold,2023-10-14,503,3,1044.5600000000002,1,3,4,8,Potential
3473.0,Pärnu,bronze,2023-03-14,717,1,273.06,1,1,1,3,Lost
3474.0,Narva,bronze,2025-01-07,52,5,1137.6000000000001,5,5,4,14,VIP Champions
3475.0,Tallinn,silver,2024-05-04,300,3,823.33,2,3,3,8,Potential
3476.0,Tallinn,,2024-12-06,84,7,1895.3500000000001,4,5,5,14,VIP Champions
3477.0,Rakvere,,2024-06-26,247,2,1421.04,2,2,4,8,Potential
3479.0,Tallinn,silver,2024-09-17,164,3,397.54999999999995,3,3,2,8,Potential
3480.0,Narva,gold,2024-10-26,125,3,417.49,3,3,2,8,Potential
3481.0,Tallinn,,2024-12-16,74,3,675.94,4,3,3,10,Loyal
3482.0,Tallinn,,2024-07-25,218,1,206.34,2,1,1,4,At Risk
3485.0,Tallinn,gold,2024-06-07,266,3,484.22,2,3,2,7,Potential
3486.0,Tallinn,,2023-09-10,537,2,694.5799999999999,1,2,3,6,At Risk
3488.0,Tallinn,silver,2024-09-25,156,1,750.68,3,1,3,7,Potential
3489.0,Tallinn,,2024-10-16,135,3,979.8699999999999,3,3,4,10,Loyal
3490.0,Rakvere,bronze,2024-12-31,59,1,107.36,5,1,1,7,Potential
3491.0,Tartu,bronze,2024-10-06,145,2,652.84,3,2,3,8,Potential
3492.0,Tartu,,2024-09-12,169,2,359.78,3,2,2,7,Potential
3493.0,Tallinn,,2024-07-28,215,4,911.47,2,4,3,9,Potential
3494.0,Viljandi,gold,2024-08-10,202,3,701.48,3,3,3,9,Potential
3496.0,Tallinn,,2024-04-27,307,2,418.1,2,2,2,6,At Risk
3497.0,Tartu,gold,2023-05-11,659,1,26.79,1,1,1,3,Lost
3498.0,Pärnu,bronze,2024-11-30,90,3,1298.4299999999998,4,3,4,11,Loyal
3500.0,Jõhvi,silver,2023-03-23,708,2,372.23,1,2,2,5,At Risk
3501.0,Tallinn,,2024-09-12,169,1,260.04,3,1,1,5,At Risk
3502.0,Tartu,bronze,2024-09-27,154,3,440.42999999999995,3,3,2,8,Potential
3504.0,Tallinn,bronze,2024-03-16,349,3,684.4100000000001,1,3,3,7,Potential
3505.0,Tallinn,,2024-05-13,291,4,935.05,2,4,3,9,Potential
3507.0,Tartu,bronze,2024-05-12,292,1,207.23,2,1,1,4,At Risk
3508.0,Tallinn,bronze,2024-06-06,267,3,1309.1399999999999,2,3,4,9,Potential
3509.0,Tallinn,,2025-01-09,50,4,1163.14,5,4,4,13,VIP Champions
3510.0,Narva,,2024-05-23,281,1,366.62,2,1,2,5,At Risk
3511.0,Viljandi,gold,2024-07-07,236,2,458.6,2,2,2,6,At Risk
3512.0,Pärnu,,2024-03-04,361,5,1980.01,1,5,5,11,Loyal
3513.0,Tallinn,,2024-05-15,289,1,246.97,2,1,1,4,At Risk
3514.0,Tartu,,2024-01-22,403,6,1187.99,1,5,4,10,Loyal
3515.0,Tallinn,bronze,2024-03-19,346,5,1796.6299999999999,1,5,5,11,Loyal
3516.0,Haapsalu,silver,2025-01-07,52,5,1210.99,5,5,4,14,VIP Champions
3517.0,Tallinn,,2024-02-25,369,2,530.69,1,2,2,5,At Risk
3518.0,Pärnu,bronze,2024-09-14,167,6,1394.4099999999999,3,5,4,12,Loyal
3520.0,Tallinn,bronze,2023-12-05,451,2,490.15999999999997,1,2,2,5,At Risk
3521.0,Tallinn,silver,2025-01-04,55,4,1507.99,5,4,5,14,VIP Champions
3522.0,Pärnu,,2024-01-08,417,3,616.87,1,3,2,6,At Risk
3523.0,Tallinn,gold,2024-10-18,133,5,1506.42,3,5,5,13,VIP Champions
3524.0,Võru,gold,2024-11-03,117,1,437.16,4,1,2,7,Potential
3525.0,Võru,silver,2024-07-28,215,7,1770.1299999999999,2,5,5,12,Loyal
3526.0,Tallinn,gold,2024-04-30,304,2,421.18,2,2,2,6,At Risk
3527.0,Valga,,2024-07-22,221,1,312.41,2,1,1,4,At Risk
3528.0,Viljandi,,2024-12-09,81,5,1291.43,4,5,4,13,VIP Champions
3529.0,Rakvere,silver,2024-08-26,186,5,2002.13,3,5,5,13,VIP Champions
3530.0,Tallinn,,2023-12-11,445,3,450.56,1,3,2,6,At Risk
3531.0,Tartu,bronze,2024-07-03,240,2,366.51,2,2,2,6,At Risk
3532.0,Tallinn,gold,2024-07-04,239,6,842.46,2,5,3,10,Loyal
3533.0,Võru,,2024-12-17,73,3,1785.9299999999998,4,3,5,12,Loyal
3534.0,Tallinn,,2024-12-10,80,5,998.1999999999999,4,5,4,13,VIP Champions
3535.0,Tallinn,,2024-11-01,119,3,681.98,4,3,3,10,Loyal
3536.0,Tallinn,silver,2024-03-08,357,3,458.67,1,3,2,6,At Risk
3537.0,Tallinn,silver,2023-06-10,629,1,74.81,1,1,1,3,Lost
3538.0,Tallinn,,2024-11-20,100,3,374.73,4,3,2,9,Potential
3539.0,Kuressaare,gold,2025-02-18,10,4,1071.67,5,4,4,13,VIP Champions
3540.0,Võru,bronze,2024-08-23,189,4,1357.4099999999999,3,4,4,11,Loyal
3543.0,Tallinn,gold,2024-01-13,412,1,78.09,1,1,1,3,Lost
3545.0,Tartu,,2024-11-10,110,6,2850.3,4,5,5,14,VIP Champions
3549.0,Tartu,,2024-05-05,299,3,1304.52,2,3,4,9,Potential
3550.0,Tallinn,,2024-12-15,75,2,428.57,4,2,2,8,Potential
3551.0,Paide,gold,2024-10-21,130,6,2018.52,3,5,5,13,VIP Champions
3552.0,Paide,,2024-08-28,184,6,1869.02,3,5,5,13,VIP Champions
3553.0,Pärnu,silver,2024-10-24,127,4,1073.26,3,4,4,11,Loyal
3554.0,Tallinn,,2023-09-03,544,3,914.5999999999999,1,3,3,7,Potential
3555.0,Tartu,silver,2023-12-27,429,3,1258.03,1,3,4,8,Potential
3556.0,Tallinn,silver,2025-02-19,9,69,18332.28,5,5,5,15,VIP Champions
3559.0,Pärnu,gold,2025-02-27,1,2,1091.42,5,2,4,11,Loyal
3560.0,Tartu,silver,2023-11-13,473,4,1365.73,1,4,4,9,Potential
3561.0,Narva,,2024-07-30,213,1,737.34,2,1,3,6,At Risk
3562.0,Viljandi,gold,2024-05-02,302,5,1573.61,2,5,5,12,Loyal
3563.0,Tallinn,,2024-12-08,82,8,1149.08,4,5,4,13,VIP Champions
3564.0,Tallinn,silver,2023-08-05,573,1,58.96,1,1,1,3,Lost
3565.0,Rakvere,,2024-10-13,138,1,183.31,3,1,1,5,At Risk
3567.0,Rakvere,bronze,2024-12-14,76,3,1020.5600000000001,4,3,4,11,Loyal
3568.0,Narva,gold,2024-12-16,74,2,1412.25,4,2,4,10,Loyal
3571.0,Tartu,,2024-10-26,125,5,1519.76,3,5,5,13,VIP Champions
3572.0,Narva,,2025-01-28,31,3,1632.08,5,3,5,13,VIP Champions
3573.0,Haapsalu,bronze,2023-10-11,506,2,201.04000000000002,1,2,1,4,At Risk
3574.0,Tartu,bronze,2025-01-27,32,3,1959.43,5,3,5,13,VIP Champions
3575.0,Tartu,bronze,2024-12-07,83,5,1262.82,4,5,4,13,VIP Champions
3576.0,Tartu,bronze,2025-02-04,24,4,2289.46,5,4,5,14,VIP Champions
3577.0,Narva,gold,2025-02-01,27,3,786.0699999999999,5,3,3,11,Loyal
3578.0,Tallinn,silver,2025-02-01,27,6,1466.9,5,5,5,15,VIP Champions
3579.0,Rakvere,silver,2024-07-21,222,1,192.22,2,1,1,4,At Risk
3580.0,Tartu,silver,2024-08-19,193,3,1020.4,3,3,4,10,Loyal
3582.0,Tallinn,,2025-02-06,22,8,2494.25,5,5,5,15,VIP Champions
3583.0,Tartu,bronze,2024-02-26,368,4,1549.8,1,4,5,10,Loyal
3584.0,Tallinn,,2024-03-21,344,1,142.57,1,1,1,3,Lost
3585.0,Jõhvi,,2024-03-15,350,5,1082.72,1,5,4,10,Loyal
3586.0,Viljandi,bronze,2024-06-10,263,1,116.98,2,1,1,4,At Risk
3587.0,Võru,,2025-02-12,16,2,386.67999999999995,5,2,2,9,Potential
3588.0,Pärnu,silver,2024-08-26,186,1,761.4,3,1,3,7,Potential
3589.0,Tartu,,2024-09-23,158,2,246.84,3,2,1,6,At Risk
3590.0,Tallinn,,2024-04-27,307,2,322.68,2,2,1,5,At Risk
3591.0,Tallinn,silver,2024-02-15,379,2,346.48,1,2,1,4,At Risk
3592.0,Kuressaare,gold,2024-08-10,202,2,632.7,3,2,3,8,Potential
3593.0,Tallinn,bronze,2024-09-03,178,2,355.21,3,2,2,7,Potential
3594.0,Tallinn,bronze,2024-06-06,267,1,296.58,2,1,1,4,At Risk
3595.0,Tartu,,2025-02-09,19,1,50.85,5,1,1,7,Potential
3596.0,Tallinn,gold,2024-09-18,163,3,1018.09,3,3,4,10,Loyal
3597.0,Valga,silver,2023-12-30,426,3,301.51,1,3,1,5,At Risk
3598.0,Pärnu,bronze,2024-08-27,185,2,747.26,3,2,3,8,Potential
3599.0,Tallinn,,2025-01-22,37,3,925.32,5,3,3,11,Loyal
3600.0,Tartu,gold,2024-08-01,211,4,1241.49,2,4,4,10,Loyal
3601.0,Narva,bronze,2024-10-03,148,2,885.0699999999999,3,2,3,8,Potential
3602.0,Pärnu,silver,2023-12-27,429,3,636.96,1,3,3,7,Potential
3603.0,Tallinn,,2024-09-23,158,6,2389.74,3,5,5,13,VIP Champions
3604.0,Tallinn,gold,2024-08-13,199,4,1545.27,3,4,5,12,Loyal
3605.0,Tallinn,,2025-02-24,4,77,21626.1,5,5,5,15,VIP Champions
3606.0,Narva,gold,2023-10-31,486,4,1213.6,1,4,4,9,Potential
3607.0,Kuressaare,,2024-12-09,81,5,1209.04,4,5,4,13,VIP Champions
3608.0,Haapsalu,silver,2024-09-13,168,4,2496.09,3,4,5,12,Loyal
3609.0,Tallinn,silver,2024-07-25,218,3,681.02,2,3,3,8,Potential
3610.0,Kuressaare,gold,2024-10-01,150,2,534.03,3,2,2,7,Potential
3611.0,Rakvere,gold,2024-03-23,342,1,282.95,1,1,1,3,Lost
3613.0,Tallinn,,2026-01-22,-328,4,1353.1100000000001,5,4,4,13,VIP Champions
3614.0,Haapsalu,gold,2023-08-03,575,2,57.910000000000004,1,2,1,4,At Risk
3615.0,Tallinn,silver,2024-10-09,142,2,299.54999999999995,3,2,1,6,At Risk
3616.0,Tartu,,2023-05-14,656,1,63.3,1,1,1,3,Lost
3617.0,Tallinn,silver,2025-02-10,18,6,2477.5,5,5,5,15,VIP Champions
3618.0,Tartu,gold,2025-02-21,7,72,27920.86,5,5,5,15,VIP Champions
3619.0,Tartu,silver,2024-08-29,183,5,733.9,3,5,3,11,Loyal
3620.0,Jõhvi,gold,2024-01-12,413,2,798.6700000000001,1,2,3,6,At Risk
3621.0,Pärnu,silver,2023-06-12,627,2,1308.86,1,2,4,7,Potential
3622.0,Pärnu,silver,2024-08-28,184,4,2020.6399999999999,3,4,5,12,Loyal
3624.0,Tallinn,silver,2024-08-06,206,4,1388.1200000000001,2,4,4,10,Loyal
3626.0,Tartu,,2025-01-22,37,6,1278.49,5,5,4,14,VIP Champions
3627.0,Tartu,bronze,2025-01-04,55,4,1330.54,5,4,4,13,VIP Champions
3628.0,Pärnu,,2023-10-18,499,3,1513.16,1,3,5,9,Potential
3629.0,Tallinn,bronze,2025-02-27,1,5,1411.02,5,5,4,14,VIP Champions
3630.0,Tartu,bronze,2024-01-30,395,1,222.1,1,1,1,3,Lost
3631.0,Võru,bronze,2025-01-13,46,3,366.47,5,3,2,10,Loyal
3632.0,Tallinn,,2025-01-13,46,4,1405.85,5,4,4,13,VIP Champions
3633.0,Tartu,,2024-11-20,100,7,1669.56,4,5,5,14,VIP Champions
3634.0,Rakvere,bronze,2025-02-16,12,1,552.4,5,1,2,8,Potential
3636.0,Tallinn,,2023-06-01,638,2,990.16,1,2,4,7,Potential
3637.0,Tallinn,,2024-04-18,316,4,731.8299999999999,2,4,3,9,Potential
3638.0,Tallinn,,2024-12-19,71,6,2214.42,4,5,5,14,VIP Champions
3640.0,Tartu,gold,2025-02-17,11,2,1013.8599999999999,5,2,4,11,Loyal
3641.0,Rakvere,bronze,2024-09-01,180,2,576.48,3,2,2,7,Potential
3642.0,Viljandi,gold,2023-12-04,452,2,399.36,1,2,2,5,At Risk
3643.0,Tallinn,gold,2024-10-11,140,7,3559.9,3,5,5,13,VIP Champions
3644.0,Tartu,,2025-01-22,37,7,2464.95,5,5,5,15,VIP Champions
3645.0,Tartu,gold,2024-07-27,216,2,365.19,2,2,2,6,At Risk
3646.0,Tartu,gold,2023-07-14,595,2,267.54,1,2,1,4,At Risk
3647.0,Tallinn,,2024-09-28,153,4,886.15,3,4,3,10,Loyal
3648.0,Tartu,silver,2025-02-20,8,72,22942.420000000002,5,5,5,15,VIP Champions
3649.0,Võru,,2024-08-21,191,5,950.21,3,5,3,11,Loyal
3650.0,Tallinn,,2024-05-18,286,3,564.29,2,3,2,7,Potential
3651.0,Pärnu,silver,2024-11-03,117,2,410.20000000000005,4,2,2,8,Potential
3654.0,Tartu,bronze,2025-02-17,11,6,1036.42,5,5,4,14,VIP Champions
3655.0,Võru,,2023-07-03,606,3,912.9,1,3,3,7,Potential
3656.0,Tallinn,bronze,2024-04-07,327,3,842.59,1,3,3,7,Potential
3657.0,Jõhvi,bronze,2024-08-21,191,4,688.61,3,4,3,10,Loyal
3659.0,Tallinn,gold,2024-07-24,219,3,334.7,2,3,1,6,At Risk
3660.0,Jõhvi,silver,2024-11-22,98,3,970.67,4,3,4,11,Loyal
3661.0,Pärnu,silver,2024-10-30,121,5,2426.1800000000003,3,5,5,13,VIP Champions
3662.0,Narva,,2024-09-17,164,1,121.51,3,1,1,5,At Risk
3663.0,Pärnu,silver,2025-01-10,49,2,268.57,5,2,1,8,Potential
3664.0,Tallinn,silver,2024-05-04,300,3,222.23000000000002,2,3,1,6,At Risk
3665.0,Kuressaare,silver,2024-12-11,79,3,625.0,4,3,2,9,Potential
3666.0,Tallinn,bronze,2024-12-28,62,5,1859.09,4,5,5,14,VIP Champions
3668.0,Pärnu,,2024-04-20,314,4,904.38,2,4,3,9,Potential
3669.0,Tallinn,,2023-07-19,590,3,1171.03,1,3,4,8,Potential
3672.0,Haapsalu,silver,2024-01-24,401,7,1534.1599999999999,1,5,5,11,Loyal
3673.0,Haapsalu,,2024-10-08,143,2,438.65,3,2,2,7,Potential
3674.0,Tallinn,gold,2024-09-23,158,2,427.51,3,2,2,7,Potential
3675.0,Tartu,bronze,2024-08-05,207,4,831.4,2,4,3,9,Potential
3676.0,Jõhvi,silver,2024-06-06,267,3,1770.79,2,3,5,10,Loyal
3677.0,Tartu,bronze,2025-02-20,8,1,250.72,5,1,1,7,Potential
3678.0,Tartu,gold,2024-11-04,116,1,219.38,4,1,1,6,At Risk
3679.0,Tallinn,gold,2024-12-24,66,2,417.82000000000005,4,2,2,8,Potential
3680.0,Tallinn,,2024-07-11,232,3,1102.87,2,3,4,9,Potential
3681.0,Pärnu,bronze,2025-02-12,16,11,2287.75,5,5,5,15,VIP Champions
3684.0,Tallinn,bronze,2024-12-28,62,4,1007.31,4,4,4,12,Loyal
3685.0,Narva,silver,2024-06-18,255,4,1220.67,2,4,4,10,Loyal
3686.0,Tallinn,,2025-12-21,-296,4,696.3599999999999,5,4,3,12,Loyal
3687.0,Tallinn,silver,2025-01-28,31,4,901.07,5,4,3,12,Loyal
3688.0,Tallinn,,2024-07-06,237,5,857.21,2,5,3,10,Loyal
3689.0,Valga,,2024-02-05,389,3,583.4,1,3,2,6,At Risk
3690.0,Tallinn,,2024-10-26,125,1,501.69,3,1,2,6,At Risk
3691.0,Jõhvi,bronze,2024-12-16,74,1,259.23,4,1,1,6,At Risk
3692.0,Tallinn,bronze,2025-01-14,45,8,3293.95,5,5,5,15,VIP Champions
3693.0,Tartu,bronze,2024-05-14,290,2,649.21,2,2,3,7,Potential
3694.0,Tallinn,gold,2025-01-07,52,1,279.43,5,1,1,7,Potential
3695.0,Tallinn,,2024-03-27,338,4,1108.38,1,4,4,9,Potential
3696.0,Tallinn,,2023-11-20,466,5,2980.9,1,5,5,11,Loyal
3697.0,Tallinn,silver,2024-03-01,364,2,557.38,1,2,2,5,At Risk
3698.0,Narva,gold,2024-03-05,360,4,802.21,1,4,3,8,Potential
3699.0,Tartu,,2024-10-17,134,10,4522.92,3,5,5,13,VIP Champions
3700.0,Pärnu,,2025-01-30,29,2,1088.92,5,2,4,11,Loyal
3701.0,Tallinn,gold,2023-03-20,711,2,352.5,1,2,2,5,At Risk
3702.0,Tartu,gold,2024-09-15,166,3,584.85,3,3,2,8,Potential
3703.0,Tallinn,bronze,2023-09-09,538,2,1426.28,1,2,5,8,Potential
3704.0,Tallinn,,2025-01-06,53,1,68.08,5,1,1,7,Potential
3705.0,Tartu,gold,2024-11-12,108,2,250.0,4,2,1,7,Potential
3706.0,Tartu,,2024-12-23,67,1,566.48,4,1,2,7,Potential
3707.0,Tartu,silver,2025-02-22,6,3,942.25,5,3,3,11,Loyal
3708.0,Tartu,gold,2023-07-06,603,1,347.16,1,1,2,4,At Risk
3709.0,Jõhvi,,2025-12-02,-277,7,1378.77,5,5,4,14,VIP Champions
3710.0,Tallinn,,2025-01-05,54,6,2116.89,5,5,5,15,VIP Champions
3711.0,Tartu,,2024-12-08,82,6,1103.25,4,5,4,13,VIP Champions
3712.0,Viljandi,gold,2024-10-25,126,2,669.38,3,2,3,8,Potential
3713.0,Tallinn,bronze,2025-01-17,42,5,864.69,5,5,3,13,VIP Champions
3714.0,Tallinn,,2024-08-04,208,4,1063.92,2,4,4,10,Loyal
3715.0,Pärnu,,2025-01-05,54,1,552.4,5,1,2,8,Potential
3716.0,Tartu,,2024-10-05,146,5,1781.36,3,5,5,13,VIP Champions
3718.0,Rakvere,gold,2025-01-03,56,7,1321.25,5,5,4,14,VIP Champions
3719.0,Haapsalu,silver,2024-08-19,193,5,1579.77,3,5,5,13,VIP Champions
3720.0,Tallinn,,2024-06-23,250,5,2158.81,2,5,5,12,Loyal
3721.0,Tallinn,silver,2024-09-07,174,3,1564.98,3,3,5,11,Loyal
3722.0,Pärnu,bronze,2025-01-31,28,62,20317.81,5,5,5,15,VIP Champions
3723.0,Pärnu,silver,2024-08-17,195,4,913.6,3,4,3,10,Loyal
3724.0,Tartu,,2024-06-24,249,1,26.62,2,1,1,4,At Risk
3726.0,Tallinn,silver,2023-08-29,549,2,742.1800000000001,1,2,3,6,At Risk
3728.0,Tallinn,,2024-11-16,104,3,251.67,4,3,1,8,Potential
3729.0,Viljandi,gold,2023-12-02,454,2,280.56,1,2,1,4,At Risk
3730.0,Valga,,2023-10-04,513,2,1085.9,1,2,4,7,Potential
3732.0,Pärnu,silver,2025-02-21,7,5,2681.42,5,5,5,15,VIP Champions
3733.0,Narva,silver,2024-01-19,406,1,106.82,1,1,1,3,Lost
3734.0,Tallinn,gold,2024-11-16,104,4,2087.25,4,4,5,13,VIP Champions
3735.0,Pärnu,bronze,2024-03-08,357,4,1460.03,1,4,5,10,Loyal
3737.0,Tallinn,silver,2025-01-08,51,6,2105.1,5,5,5,15,VIP Champions
3738.0,Tartu,silver,2024-11-20,100,2,333.19,4,2,1,7,Potential
3740.0,Tartu,bronze,2025-01-31,28,2,422.51,5,2,2,9,Potential
3741.0,Tallinn,bronze,2025-02-12,16,2,978.99,5,2,4,11,Loyal
3742.0,Võru,,2024-09-29,152,1,67.75,3,1,1,5,At Risk
3743.0,Tartu,silver,2024-10-30,121,3,747.37,3,3,3,9,Potential
3744.0,Jõhvi,bronze,2024-09-20,161,3,691.0999999999999,3,3,3,9,Potential
3745.0,Tartu,bronze,2024-05-11,293,5,2399.3,2,5,5,12,Loyal
3746.0,Tartu,gold,2024-10-16,135,6,1531.35,3,5,5,13,VIP Champions
3748.0,Tallinn,gold,2024-02-17,377,3,609.19,1,3,2,6,At Risk
3750.0,Tartu,,2024-12-25,65,4,1041.73,4,4,4,12,Loyal
3751.0,Tallinn,silver,2024-07-14,229,4,2235.34,2,4,5,11,Loyal
3752.0,Viljandi,silver,2024-05-10,294,3,632.27,2,3,2,7,Potential
3754.0,Tallinn,,2024-02-25,369,2,610.8,1,2,2,5,At Risk
3755.0,Tartu,,2025-02-03,25,5,848.9200000000001,5,5,3,13,VIP Champions
3756.0,Haapsalu,,2023-04-02,698,2,245.24,1,2,1,4,At Risk
3758.0,Tallinn,,2024-08-28,184,4,862.5,3,4,3,10,Loyal
3759.0,Tartu,silver,2024-09-05,176,4,1778.05,3,4,5,12,Loyal
3760.0,Tartu,gold,2024-11-17,103,5,1122.1399999999999,4,5,4,13,VIP Champions
3761.0,Pärnu,,2024-02-06,388,2,233.06,1,2,1,4,At Risk
3762.0,Viljandi,bronze,2024-07-15,228,2,474.25,2,2,2,6,At Risk
3763.0,Haapsalu,,2023-05-25,645,1,183.4,1,1,1,3,Lost
3764.0,Pärnu,,2024-12-20,70,4,1060.04,4,4,4,12,Loyal
3765.0,Tallinn,bronze,2024-10-22,129,3,1264.42,3,3,4,10,Loyal
3766.0,Tallinn,gold,2024-09-30,151,3,561.19,3,3,2,8,Potential
3767.0,Tartu,,2024-08-16,196,3,1133.38,3,3,4,10,Loyal
3768.0,Tallinn,silver,2024-11-22,98,4,947.22,4,4,3,11,Loyal
3769.0,Tartu,silver,2023-12-26,430,2,429.15,1,2,2,5,At Risk
3770.0,Tartu,gold,2024-03-12,353,3,1475.3899999999999,1,3,5,9,Potential
3771.0,Tartu,bronze,2025-01-12,47,3,527.48,5,3,2,10,Loyal
3772.0,Narva,bronze,2024-05-14,290,2,182.4,2,2,1,5,At Risk
3773.0,Tallinn,,2025-02-15,13,4,960.95,5,4,3,12,Loyal
3774.0,Tartu,bronze,2024-10-30,121,1,270.69,3,1,1,5,At Risk
3775.0,Narva,gold,2024-12-11,79,6,2211.61,4,5,5,14,VIP Champions
3777.0,Viljandi,silver,2024-03-13,352,3,577.83,1,3,2,6,At Risk
3778.0,Tallinn,,2024-08-26,186,1,176.65,3,1,1,5,At Risk
3779.0,Viljandi,,2024-09-06,175,1,247.28,3,1,1,5,At Risk
3780.0,Tartu,gold,2025-01-12,47,4,942.1700000000001,5,4,3,12,Loyal
3781.0,Paide,bronze,2024-12-11,79,1,1635.35,4,1,5,10,Loyal
3782.0,Haapsalu,silver,2025-02-27,1,4,2350.16,5,4,5,14,VIP Champions
3783.0,Tallinn,silver,2025-01-05,54,2,369.3,5,2,2,9,Potential
3784.0,Tallinn,bronze,2024-10-02,149,6,1393.79,3,5,4,12,Loyal
3785.0,Tartu,silver,2023-12-05,451,1,271.98,1,1,1,3,Lost
3787.0,Tartu,silver,2024-08-13,199,5,648.02,3,5,3,11,Loyal
3788.0,Tartu,gold,2024-09-02,179,6,1052.41,3,5,4,12,Loyal
3789.0,Valga,,2024-03-29,336,3,899.0,1,3,3,7,Potential
3790.0,Tallinn,gold,2024-07-05,238,2,659.57,2,2,3,7,Potential
3791.0,Haapsalu,gold,2023-05-11,659,1,154.71,1,1,1,3,Lost
3792.0,Võru,gold,2024-09-20,161,2,393.52,3,2,2,7,Potential
3793.0,Tallinn,,2025-02-13,15,5,763.36,5,5,3,13,VIP Champions
3794.0,Tallinn,,2024-08-10,202,2,938.4000000000001,3,2,3,8,Potential
3795.0,Tallinn,,2023-11-08,478,2,701.22,1,2,3,6,At Risk
3796.0,Tartu,,2024-07-31,212,1,221.4,2,1,1,4,At Risk
3797.0,Pärnu,,2024-08-31,181,1,127.24,3,1,1,5,At Risk
3798.0,Tallinn,,2024-09-07,174,2,452.13,3,2,2,7,Potential
3799.0,Pärnu,silver,2024-06-06,267,2,884.2,2,2,3,7,Potential
3802.0,Tallinn,,2024-01-05,420,1,106.21,1,1,1,3,Lost
3803.0,Tallinn,bronze,2024-04-15,319,4,1470.68,2,4,5,11,Loyal
3804.0,Tallinn,silver,2025-01-23,36,4,1280.74,5,4,4,13,VIP Champions
3805.0,Rakvere,bronze,2023-09-11,536,2,1469.26,1,2,5,8,Potential
3806.0,Võru,,2024-09-09,172,2,97.11,3,2,1,6,At Risk
3808.0,Tartu,bronze,2023-10-02,515,1,282.95,1,1,1,3,Lost
3809.0,Tartu,gold,2024-04-04,330,4,940.48,1,4,3,8,Potential
3810.0,Pärnu,,2025-02-17,11,55,18110.41,5,5,5,15,VIP Champions
3811.0,Narva,bronze,2025-01-08,51,2,276.98,5,2,1,8,Potential
3812.0,Paide,,2024-08-12,200,3,485.12,3,3,2,8,Potential
3813.0,Tallinn,silver,2024-11-03,117,2,463.69,4,2,2,8,Potential
3814.0,Pärnu,,2024-12-24,66,2,1008.69,4,2,4,10,Loyal
3815.0,Võru,silver,2025-01-01,58,5,840.29,5,5,3,13,VIP Champions
3816.0,Tartu,gold,2024-12-24,66,2,323.98,4,2,1,7,Potential
3817.0,Narva,silver,2024-09-09,172,4,2063.73,3,4,5,12,Loyal
3818.0,Tallinn,silver,2024-10-20,131,4,912.51,3,4,3,10,Loyal
3819.0,Pärnu,silver,2024-10-28,123,1,401.6,3,1,2,6,At Risk
3820.0,Pärnu,,2024-06-05,268,3,281.36,2,3,1,6,At Risk
3821.0,Kuressaare,,2024-06-07,266,1,437.98,2,1,2,5,At Risk
3822.0,Tallinn,,2024-10-23,128,1,286.17,3,1,1,5,At Risk
3824.0,Tartu,gold,2024-02-17,377,2,859.08,1,2,3,6,At Risk
3825.0,Tallinn,,2024-05-23,281,3,1074.03,2,3,4,9,Potential
3826.0,Tartu,bronze,2025-01-11,48,4,1042.3,5,4,4,13,VIP Champions
3827.0,Paide,silver,2024-06-30,243,2,515.0799999999999,2,2,2,6,At Risk
3828.0,Tallinn,,2025-02-10,18,5,1443.54,5,5,5,15,VIP Champions
3829.0,Tallinn,silver,2024-10-14,137,4,795.5699999999999,3,4,3,10,Loyal
3830.0,Tartu,,2023-09-16,531,1,789.39,1,1,3,5,At Risk
3831.0,Tartu,silver,2024-11-09,111,4,1148.6200000000001,4,4,4,12,Loyal
3832.0,Narva,bronze,2024-06-19,254,3,662.36,2,3,3,8,Potential
3833.0,Pärnu,silver,2024-12-02,88,5,1002.33,4,5,4,13,VIP Champions
3834.0,Tartu,silver,2025-01-09,50,3,1298.94,5,3,4,12,Loyal
3835.0,Võru,bronze,2025-01-23,36,2,377.45000000000005,5,2,2,9,Potential
3836.0,Tartu,,2024-04-07,327,2,346.36,1,2,1,4,At Risk
3837.0,Tallinn,,2023-07-27,582,4,1170.95,1,4,4,9,Potential
3838.0,Kuressaare,,2024-02-03,391,1,216.18,1,1,1,3,Lost
3839.0,Tallinn,bronze,2025-02-24,4,4,775.9300000000001,5,4,3,12,Loyal
3840.0,Haapsalu,gold,2025-01-06,53,4,1178.0,5,4,4,13,VIP Champions
3841.0,Tallinn,,2024-07-27,216,3,692.4200000000001,2,3,3,8,Potential
3842.0,Tallinn,bronze,2025-01-01,58,2,370.93,5,2,2,9,Potential
3843.0,Tallinn,silver,2024-11-11,109,7,3266.7799999999997,4,5,5,14,VIP Champions
3845.0,Tallinn,gold,2023-11-03,483,2,511.63,1,2,2,5,At Risk
3846.0,Tallinn,silver,2024-05-30,274,3,1661.3700000000001,2,3,5,10,Loyal
3847.0,Kuressaare,,2024-04-28,306,2,978.77,2,2,4,8,Potential
3848.0,Paide,,2024-11-15,105,4,677.93,4,4,3,11,Loyal
3849.0,Tallinn,gold,2023-10-16,501,4,944.63,1,4,3,8,Potential
3850.0,Tallinn,,2024-08-24,188,3,770.39,3,3,3,9,Potential
3851.0,Võru,bronze,2024-11-15,105,6,1245.8500000000001,4,5,4,13,VIP Champions
3852.0,Võru,,2024-11-08,112,7,2740.79,4,5,5,14,VIP Champions
3853.0,Pärnu,silver,2024-07-30,213,2,1129.28,2,2,4,8,Potential
3854.0,Tallinn,,2024-04-24,310,3,1255.26,2,3,4,9,Potential
3855.0,Pärnu,bronze,2024-08-17,195,2,534.3199999999999,3,2,2,7,Potential
3856.0,Tallinn,gold,2024-10-18,133,6,1753.12,3,5,5,13,VIP Champions
3857.0,Tallinn,,2024-12-02,88,3,1805.5299999999997,4,3,5,12,Loyal
3858.0,Jõhvi,bronze,2024-12-12,78,2,292.34999999999997,4,2,1,7,Potential
3859.0,Pärnu,,2023-11-29,457,2,345.1,1,2,1,4,At Risk
3861.0,Pärnu,,2024-12-24,66,5,1503.6200000000001,4,5,5,14,VIP Champions
3862.0,Tallinn,,2024-09-27,154,2,532.04,3,2,2,7,Potential
3863.0,Tartu,,2024-11-20,100,2,937.3299999999999,4,2,3,9,Potential
3864.0,Tartu,bronze,2023-07-23,586,1,208.11,1,1,1,3,Lost
3865.0,Tallinn,gold,2023-11-13,473,3,1009.28,1,3,4,8,Potential
3866.0,Pärnu,,2024-04-10,324,1,50.85,2,1,1,4,At Risk
3867.0,Tartu,silver,2024-08-25,187,5,2021.71,3,5,5,13,VIP Champions
3868.0,Tallinn,,2025-02-06,22,7,1294.08,5,5,4,14,VIP Champions
3869.0,Pärnu,,2024-07-12,231,3,1138.22,2,3,4,9,Potential
3870.0,Tallinn,,2024-10-04,147,3,1078.3200000000002,3,3,4,10,Loyal
3872.0,Tartu,silver,2023-08-31,547,4,1418.5900000000001,1,4,4,9,Potential
3873.0,Kuressaare,,2024-10-25,126,2,153.74,3,2,1,6,At Risk
3874.0,Tallinn,,2024-12-22,68,2,273.1,4,2,1,7,Potential
3875.0,Viljandi,,2024-06-14,259,4,814.17,2,4,3,9,Potential
3876.0,Tallinn,bronze,2025-01-28,31,5,686.03,5,5,3,13,VIP Champions
3877.0,Narva,bronze,2023-11-09,477,1,160.91,1,1,1,3,Lost
3878.0,Tallinn,gold,2025-02-26,2,2,158.21,5,2,1,8,Potential
3879.0,Tallinn,,2025-02-18,10,5,1554.46,5,5,5,15,VIP Champions
3880.0,Tartu,bronze,2024-03-07,358,3,1095.83,1,3,4,8,Potential
3881.0,Tartu,silver,2024-07-24,219,2,473.28,2,2,2,6,At Risk
3882.0,Tartu,gold,2024-12-09,81,5,2136.75,4,5,5,14,VIP Champions
3883.0,Tallinn,,2023-05-08,662,3,675.81,1,3,3,7,Potential
3884.0,Tartu,silver,2024-11-12,108,3,1286.71,4,3,4,11,Loyal
3885.0,Paide,gold,2024-03-16,349,3,480.0,1,3,2,6,At Risk
3886.0,Tallinn,gold,2024-12-06,84,4,1754.03,4,4,5,13,VIP Champions
3887.0,Valga,,2024-12-14,76,2,547.36,4,2,2,8,Potential
3890.0,Tallinn,,2024-12-26,64,2,844.8600000000001,4,2,3,9,Potential
3891.0,Tartu,,2024-12-22,68,5,433.03999999999996,4,5,2,11,Loyal
3893.0,Tartu,,2025-02-10,18,2,591.1899999999999,5,2,2,9,Potential
3894.0,Tallinn,bronze,2023-11-08,478,2,172.84,1,2,1,4,At Risk
3895.0,Tallinn,,2024-08-18,194,6,1409.1100000000001,3,5,4,12,Loyal
3896.0,Tallinn,,2024-03-15,350,2,479.31,1,2,2,5,At Risk
3897.0,Tallinn,gold,2026-03-27,-392,5,1370.66,5,5,4,14,VIP Champions
3898.0,Tallinn,silver,2024-04-29,305,5,2020.0500000000002,2,5,5,12,Loyal
3899.0,Tartu,gold,2025-02-01,27,8,2655.03,5,5,5,15,VIP Champions
3903.0,Pärnu,,2025-01-05,54,3,703.03,5,3,3,11,Loyal
3904.0,Pärnu,bronze,2024-06-14,259,2,752.47,2,2,3,7,Potential
3905.0,Võru,,2024-10-15,136,3,1262.6599999999999,3,3,4,10,Loyal
3906.0,Tallinn,,2024-06-11,262,3,548.84,2,3,2,7,Potential
3907.0,Tallinn,,2024-07-04,239,1,257.32,2,1,1,4,At Risk
3908.0,Pärnu,bronze,2024-05-28,276,1,338.04,2,1,1,4,At Risk
3909.0,Tallinn,silver,2025-01-19,40,1,282.29,5,1,1,7,Potential
3911.0,Pärnu,bronze,2024-10-12,139,3,783.44,3,3,3,9,Potential
3912.0,Tallinn,,2024-08-09,203,1,218.99,3,1,1,5,At Risk
3913.0,Tallinn,,2024-11-24,96,2,1187.57,4,2,4,10,Loyal
3914.0,Tartu,gold,2024-08-21,191,3,535.86,3,3,2,8,Potential
3915.0,Tartu,gold,2024-10-28,123,3,487.25,3,3,2,8,Potential
3916.0,Tallinn,bronze,2024-11-14,106,1,208.15,4,1,1,6,At Risk
3919.0,Võru,gold,2024-09-06,175,4,712.53,3,4,3,10,Loyal
3921.0,Tartu,,2024-12-17,73,5,1141.7,4,5,4,13,VIP Champions
3922.0,Jõhvi,bronze,2024-07-18,225,1,566.48,2,1,2,5,At Risk
3923.0,Tartu,,2024-06-15,258,2,767.01,2,2,3,7,Potential
3924.0,Tartu,silver,2025-02-01,27,5,1618.86,5,5,5,15,VIP Champions
3925.0,Tallinn,,2024-08-18,194,3,834.11,3,3,3,9,Potential
3927.0,Tartu,silver,2023-05-14,656,1,140.02,1,1,1,3,Lost
3928.0,Pärnu,silver,2025-01-29,30,6,1492.46,5,5,5,15,VIP Champions
3930.0,Tartu,silver,2024-11-09,111,3,569.29,4,3,2,9,Potential
3931.0,Valga,gold,2023-08-07,571,1,167.23,1,1,1,3,Lost
3932.0,Tallinn,,2024-06-20,253,2,429.89,2,2,2,6,At Risk
3934.0,Kuressaare,bronze,2024-10-04,147,2,757.46,3,2,3,8,Potential
3935.0,Tartu,gold,2024-12-16,74,5,1455.83,4,5,5,14,VIP Champions
3936.0,Haapsalu,bronze,2024-06-09,264,1,519.38,2,1,2,5,At Risk
3937.0,Jõhvi,bronze,2023-11-08,478,3,478.31000000000006,1,3,2,6,At Risk
3939.0,Paide,,2024-08-20,192,7,2340.85,3,5,5,13,VIP Champions
3941.0,Pärnu,gold,2024-04-08,326,1,685.32,1,1,3,5,At Risk
3942.0,Tartu,gold,2025-01-16,43,3,1441.9299999999998,5,3,5,13,VIP Champions
3943.0,Tartu,bronze,2024-12-30,60,3,800.08,4,3,3,10,Loyal
3944.0,Pärnu,,2024-10-22,129,4,1724.1599999999999,3,4,5,12,Loyal
3945.0,Tartu,gold,2024-05-17,287,3,2169.01,2,3,5,10,Loyal
3946.0,Viljandi,,2024-08-16,196,4,1275.29,3,4,4,11,Loyal
3947.0,Tallinn,,2024-11-09,111,1,72.73,4,1,1,6,At Risk
3948.0,Tallinn,gold,2023-03-28,703,1,152.13,1,1,1,3,Lost
3949.0,Rakvere,,2024-04-25,309,4,1040.09,2,4,4,10,Loyal
3950.0,Pärnu,gold,2024-10-15,136,2,992.2,3,2,4,9,Potential
3952.0,Jõhvi,,2024-06-12,261,4,407.75,2,4,2,8,Potential
3953.0,Paide,bronze,2024-01-02,423,6,1009.51,1,5,4,10,Loyal
3954.0,Tallinn,,2025-02-09,19,3,761.28,5,3,3,11,Loyal
3956.0,Tallinn,,2024-03-16,349,3,1346.6799999999998,1,3,4,8,Potential
3957.0,Tartu,,2024-06-02,271,6,2598.19,2,5,5,12,Loyal
3958.0,Tartu,silver,2024-11-17,103,6,1182.64,4,5,4,13,VIP Champions
3959.0,Pärnu,,2024-12-07,83,4,1105.7,4,4,4,12,Loyal
3961.0,Tallinn,gold,2025-02-19,9,2,773.5699999999999,5,2,3,10,Loyal
3962.0,Pärnu,bronze,2024-03-25,340,1,49.08,1,1,1,3,Lost
3963.0,Pärnu,bronze,2024-05-16,288,2,373.44000000000005,2,2,2,6,At Risk
3964.0,Tartu,bronze,2023-08-15,563,1,305.7,1,1,1,3,Lost
3965.0,Tallinn,,2024-03-25,340,1,190.78,1,1,1,3,Lost
3966.0,Tallinn,bronze,2025-01-05,54,3,1516.9,5,3,5,13,VIP Champions
3967.0,Tallinn,bronze,2024-10-07,144,1,135.99,3,1,1,5,At Risk
3969.0,Paide,silver,2023-07-06,603,3,442.41999999999996,1,3,2,6,At Risk
3970.0,Tallinn,,2023-11-07,479,4,1150.28,1,4,4,9,Potential
3971.0,Tartu,gold,2024-08-10,202,3,928.6100000000001,3,3,3,9,Potential
3972.0,Tallinn,silver,2024-01-26,399,5,1154.51,1,5,4,10,Loyal
3973.0,Tartu,bronze,2024-12-07,83,2,388.42,4,2,2,8,Potential
3974.0,Tallinn,,2024-12-31,59,4,444.16999999999996,5,4,2,11,Loyal
3975.0,Pärnu,silver,2024-03-19,346,3,366.49,1,3,2,6,At Risk
3978.0,Pärnu,gold,2024-07-30,213,1,241.18,2,1,1,4,At Risk
3979.0,Narva,,2024-09-19,162,2,222.2,3,2,1,6,At Risk
3981.0,Tallinn,,2024-09-27,154,4,674.45,3,4,3,10,Loyal
3982.0,Tallinn,bronze,2025-02-07,21,4,654.24,5,4,3,12,Loyal
3984.0,Valga,silver,2024-05-31,273,6,802.88,2,5,3,10,Loyal
3985.0,Tallinn,bronze,2024-05-12,292,4,599.65,2,4,2,8,Potential
3986.0,Tartu,,2025-01-03,56,1,130.73,5,1,1,7,Potential
3987.0,Pärnu,bronze,2023-11-05,481,2,588.61,1,2,2,5,At Risk
3988.0,Tartu,silver,2025-02-15,13,2,584.0600000000001,5,2,2,9,Potential
3990.0,Tallinn,silver,2024-12-29,61,4,1865.7,4,4,5,13,VIP Champions
3991.0,Tallinn,,2024-12-15,75,2,677.1,4,2,3,9,Potential
3992.0,Tartu,gold,2025-01-06,53,3,711.5999999999999,5,3,3,11,Loyal
3993.0,Pärnu,gold,2024-04-11,323,4,573.1500000000001,2,4,2,8,Potential
3994.0,Pärnu,,2024-10-15,136,3,1750.35,3,3,5,11,Loyal
3995.0,Tallinn,gold,2025-02-02,26,6,1463.4099999999999,5,5,5,15,VIP Champions
3996.0,Tallinn,,2025-02-14,14,5,1081.45,5,5,4,14,VIP Champions
3997.0,Tartu,,2024-12-01,89,3,1247.3700000000001,4,3,4,11,Loyal
3998.0,Jõhvi,,2024-08-03,209,2,880.48,2,2,3,7,Potential
3999.0,Paide,,2024-03-18,347,1,298.94,1,1,1,3,Lost
4000.0,Kuressaare,silver,2024-09-30,151,3,382.69,3,3,2,8,Potential
4001.0,Tartu,silver,2024-07-10,233,3,852.1600000000001,2,3,3,8,Potential
4002.0,Rakvere,,2023-12-27,429,3,515.64,1,3,2,6,At Risk
4003.0,Tallinn,silver,2025-01-31,28,4,531.27,5,4,2,11,Loyal
4004.0,Viljandi,,2024-10-02,149,5,2372.29,3,5,5,13,VIP Champions
4005.0,Tallinn,bronze,2025-02-11,17,1,166.27,5,1,1,7,Potential
4006.0,Narva,silver,2023-09-03,544,5,1385.4299999999998,1,5,4,10,Loyal
4007.0,Haapsalu,,2024-05-17,287,1,385.11,2,1,2,5,At Risk
4008.0,Tallinn,,2023-02-21,738,1,695.68,1,1,3,5,At Risk
4009.0,Tallinn,silver,2024-08-06,206,4,978.93,2,4,4,10,Loyal
4010.0,Tallinn,,2025-02-18,10,5,1893.77,5,5,5,15,VIP Champions
4011.0,Tallinn,,2025-02-16,12,5,2302.81,5,5,5,15,VIP Champions
4012.0,Tallinn,,2024-12-27,63,3,1636.68,4,3,5,12,Loyal
4013.0,Paide,,2023-06-29,610,1,246.97,1,1,1,3,Lost
4014.0,Pärnu,silver,2024-11-11,109,5,1549.67,4,5,5,14,VIP Champions
4015.0,Kuressaare,,2025-01-12,47,2,390.78000000000003,5,2,2,9,Potential
4016.0,Tartu,,2024-08-14,198,1,152.13,3,1,1,5,At Risk
4017.0,Tartu,,2024-01-30,395,2,417.69,1,2,2,5,At Risk
4018.0,Rakvere,,2025-02-11,17,58,17149.84,5,5,5,15,VIP Champions
4021.0,Pärnu,silver,2023-08-10,568,1,332.55,1,1,1,3,Lost
4023.0,Tallinn,silver,2024-12-04,86,6,1194.87,4,5,4,13,VIP Champions
4024.0,Tallinn,gold,2024-10-07,144,12,3842.3,3,5,5,13,VIP Champions
4025.0,Tallinn,,2023-05-16,654,1,713.14,1,1,3,5,At Risk
4027.0,Kuressaare,gold,2024-09-27,154,5,1561.03,3,5,5,13,VIP Champions
4028.0,Viljandi,,2024-10-12,139,2,559.0,3,2,2,7,Potential
4029.0,Tallinn,,2025-01-14,45,4,667.76,5,4,3,12,Loyal
4030.0,Tartu,,2023-06-06,633,1,51.58,1,1,1,3,Lost
4031.0,Paide,,2023-06-12,627,1,167.23,1,1,1,3,Lost
4032.0,Tallinn,,2024-01-15,410,4,1308.42,1,4,4,9,Potential
4033.0,Tallinn,silver,2024-11-08,112,3,1192.41,4,3,4,11,Loyal
4034.0,Tartu,,2023-05-23,647,1,274.78,1,1,1,3,Lost
4035.0,Tallinn,,2024-09-03,178,2,522.22,3,2,2,7,Potential
4036.0,Pärnu,,2024-08-24,188,4,683.29,3,4,3,10,Loyal
4037.0,Tartu,bronze,2024-05-12,292,1,145.46,2,1,1,4,At Risk
4038.0,Tallinn,,2024-12-19,71,5,2387.34,4,5,5,14,VIP Champions
4039.0,Tallinn,,2024-02-10,384,3,1207.37,1,3,4,8,Potential
4040.0,Viljandi,silver,2024-11-06,114,4,850.11,4,4,3,11,Loyal
4041.0,Tallinn,bronze,2023-11-22,464,1,311.68,1,1,1,3,Lost
4042.0,Tallinn,silver,2024-12-02,88,1,153.62,4,1,1,6,At Risk
4043.0,Tartu,,2024-12-22,68,4,1783.84,4,4,5,13,VIP Champions
4044.0,Tallinn,,2024-09-28,153,6,1087.12,3,5,4,12,Loyal
4045.0,Tartu,silver,2024-08-09,203,7,2197.05,3,5,5,13,VIP Champions
4046.0,Tallinn,,2025-02-20,8,2,592.39,5,2,2,9,Potential
4047.0,Tallinn,gold,2024-10-07,144,2,140.01999999999998,3,2,1,6,At Risk
4048.0,Tallinn,gold,2023-09-18,529,2,839.56,1,2,3,6,At Risk
4050.0,Pärnu,,2024-12-29,61,3,1411.55,4,3,4,11,Loyal
4051.0,Tallinn,bronze,2025-02-23,5,1,317.88,5,1,1,7,Potential
4053.0,Tallinn,,2025-01-06,53,3,2037.1100000000001,5,3,5,13,VIP Champions
4054.0,Tallinn,,2024-07-08,235,5,1277.72,2,5,4,11,Loyal
4055.0,Tallinn,,2024-10-09,142,5,997.52,3,5,4,12,Loyal
4056.0,Tallinn,bronze,2024-04-21,313,2,139.27,2,2,1,5,At Risk
4057.0,Pärnu,gold,2023-11-20,466,2,627.97,1,2,2,5,At Risk
4058.0,Tallinn,,2024-04-09,325,3,613.21,1,3,2,6,At Risk
4059.0,Tallinn,,2024-10-01,150,3,415.17,3,3,2,8,Potential
4060.0,Tartu,,2024-07-14,229,2,285.56,2,2,1,5,At Risk
4063.0,Jõhvi,,2023-12-21,435,2,1115.91,1,2,4,7,Potential
4064.0,Tallinn,gold,2024-06-30,243,2,647.83,2,2,3,7,Potential
4065.0,Pärnu,bronze,2024-01-28,397,2,168.61,1,2,1,4,At Risk
4066.0,Tartu,gold,2024-07-15,228,2,1205.43,2,2,4,8,Potential
4067.0,Tallinn,,2024-08-22,190,1,337.64,3,1,1,5,At Risk
4069.0,Tallinn,bronze,2025-02-10,18,3,497.29,5,3,2,10,Loyal
4070.0,Jõhvi,silver,2024-07-04,239,6,1225.02,2,5,4,11,Loyal
4071.0,Viljandi,silver,2024-11-01,119,2,332.28,4,2,1,7,Potential
4072.0,Rakvere,,2024-08-13,199,2,590.7,3,2,2,7,Potential
4073.0,Narva,,2023-08-02,576,2,102.28999999999999,1,2,1,4,At Risk
4074.0,Võru,silver,2025-01-18,41,2,603.76,5,2,2,9,Potential
4075.0,Haapsalu,,2023-06-19,620,2,657.83,1,2,3,6,At Risk
4076.0,Tartu,gold,2024-12-31,59,10,4471.93,5,5,5,15,VIP Champions
4077.0,Võru,,2024-10-09,142,3,453.27,3,3,2,8,Potential
4078.0,Pärnu,,2023-10-24,493,3,334.75,1,3,1,5,At Risk
4079.0,Rakvere,bronze,2023-07-20,589,1,201.86,1,1,1,3,Lost
4080.0,Tallinn,silver,2024-12-15,75,4,1222.27,4,4,4,12,Loyal
4081.0,Tallinn,,2025-02-04,24,3,447.08,5,3,2,10,Loyal
4082.0,Tallinn,,2025-01-28,31,5,1246.99,5,5,4,14,VIP Champions
4083.0,Tallinn,gold,2023-08-23,555,3,349.97,1,3,2,6,At Risk
4085.0,Tallinn,gold,2023-12-17,439,3,543.0,1,3,2,6,At Risk
4086.0,Tallinn,silver,2025-02-16,12,3,1000.06,5,3,4,12,Loyal
4087.0,Valga,bronze,2025-01-06,53,3,1356.8300000000002,5,3,4,12,Loyal
4088.0,Tartu,silver,2023-11-26,460,4,870.08,1,4,3,8,Potential
4089.0,Kuressaare,silver,2023-07-28,581,1,62.56,1,1,1,3,Lost
4090.0,Tallinn,bronze,2024-11-20,100,2,397.38,4,2,2,8,Potential
4095.0,Tartu,,2025-02-03,25,1,327.06,5,1,1,7,Potential
4096.0,Narva,gold,2023-10-23,494,3,292.57,1,3,1,5,At Risk
4097.0,Võru,gold,2023-08-29,549,2,496.8,1,2,2,5,At Risk
4098.0,Tallinn,,2024-05-12,292,1,617.68,2,1,2,5,At Risk
4099.0,Pärnu,gold,2023-08-26,552,1,443.78,1,1,2,4,At Risk
4100.0,Tartu,gold,2024-05-21,283,5,1206.47,2,5,4,11,Loyal
4102.0,Viljandi,,2025-02-10,18,3,1005.5600000000001,5,3,4,12,Loyal
4103.0,Tallinn,silver,2024-11-21,99,3,315.49,4,3,1,8,Potential
4104.0,Viljandi,,2024-08-06,206,1,114.16,2,1,1,4,At Risk
4105.0,Tartu,,2025-01-21,38,5,1108.15,5,5,4,14,VIP Champions
4106.0,Tartu,silver,2023-09-28,519,2,647.02,1,2,3,6,At Risk
4107.0,Narva,,2024-08-20,192,3,405.76,3,3,2,8,Potential
4108.0,Narva,bronze,2024-04-28,306,2,328.35,2,2,1,5,At Risk
4111.0,Kuressaare,,2024-09-08,173,1,292.61,3,1,1,5,At Risk
4113.0,Tallinn,silver,2026-03-17,-382,4,873.33,5,4,3,12,Loyal
4114.0,Jõhvi,,2024-12-14,76,4,631.71,4,4,2,10,Loyal
4115.0,Tartu,,2025-02-04,24,7,2521.85,5,5,5,15,VIP Champions
4116.0,Tartu,,2024-05-07,297,2,284.83000000000004,2,2,1,5,At Risk
4117.0,Võru,bronze,2024-01-01,424,1,299.1,1,1,1,3,Lost
4118.0,Tartu,silver,2024-12-27,63,1,221.89,4,1,1,6,At Risk
4119.0,Võru,,2024-12-30,60,7,1938.78,4,5,5,14,VIP Champions
4120.0,Narva,bronze,2024-03-17,348,5,1606.04,1,5,5,11,Loyal
4122.0,Võru,gold,2025-01-28,31,3,470.3,5,3,2,10,Loyal
4124.0,Võru,silver,2023-11-18,468,1,60.37,1,1,1,3,Lost
4125.0,Tartu,,2024-02-14,380,1,279.43,1,1,1,3,Lost
4127.0,Tallinn,,2025-02-01,27,5,1871.99,5,5,5,15,VIP Champions
4129.0,Pärnu,bronze,2026-02-20,-357,5,745.13,5,5,3,13,VIP Champions
4130.0,Tartu,,2025-02-24,4,2,784.25,5,2,3,10,Loyal
4131.0,Tallinn,gold,2024-05-06,298,2,296.3,2,2,1,5,At Risk
4132.0,Paide,silver,2025-01-24,35,4,1804.3,5,4,5,14,VIP Champions
4133.0,Tallinn,silver,2024-10-26,125,3,993.72,3,3,4,10,Loyal
4134.0,Jõhvi,,2024-06-26,247,1,74.7,2,1,1,4,At Risk
4135.0,Tartu,,2024-06-19,254,2,1198.47,2,2,4,8,Potential
4136.0,Paide,silver,2024-04-10,324,2,535.48,2,2,2,6,At Risk
4137.0,Tallinn,,2024-04-29,305,3,1048.65,2,3,4,9,Potential
4138.0,Tartu,gold,2024-04-16,318,4,637.64,2,4,3,9,Potential
4139.0,Võru,bronze,2025-02-18,10,2,259.76,5,2,1,8,Potential
4140.0,Pärnu,bronze,2024-04-03,331,2,588.63,1,2,2,5,At Risk
4141.0,Valga,,2024-08-26,186,5,1925.8600000000001,3,5,5,13,VIP Champions
4142.0,Tallinn,silver,2024-11-29,91,2,1189.47,4,2,4,10,Loyal
4144.0,Haapsalu,,2024-09-13,168,6,2084.28,3,5,5,13,VIP Champions
4145.0,Pärnu,,2024-11-16,104,4,922.89,4,4,3,11,Loyal
4146.0,Tallinn,,2023-08-01,577,3,1505.4,1,3,5,9,Potential
4147.0,Rakvere,silver,2023-12-16,440,1,368.14,1,1,2,4,At Risk
4148.0,Pärnu,,2024-12-29,61,1,125.98,4,1,1,6,At Risk
4149.0,Tartu,gold,2025-01-31,28,5,1963.82,5,5,5,15,VIP Champions
4150.0,Pärnu,,2024-06-19,254,6,1063.21,2,5,4,11,Loyal
4151.0,Tartu,gold,2023-07-21,588,1,53.24,1,1,1,3,Lost
4153.0,Jõhvi,gold,2024-12-13,77,2,532.05,4,2,2,8,Potential
4155.0,Tallinn,silver,2025-02-07,21,2,866.84,5,2,3,10,Loyal
4156.0,Tallinn,bronze,2025-02-20,8,2,581.7,5,2,2,9,Potential
4157.0,Tartu,,2024-08-06,206,3,1727.42,2,3,5,10,Loyal
4158.0,Tallinn,,2024-10-03,148,3,1170.0500000000002,3,3,4,10,Loyal
4159.0,Viljandi,,2024-05-20,284,1,171.33,2,1,1,4,At Risk
4160.0,Tallinn,silver,2025-01-18,41,7,3559.3900000000003,5,5,5,15,VIP Champions
4161.0,Kuressaare,bronze,2024-10-08,143,1,430.26,3,1,2,6,At Risk
4162.0,Tartu,,2024-10-31,120,1,140.02,3,1,1,5,At Risk
4163.0,Tallinn,gold,2025-01-12,47,1,257.32,5,1,1,7,Potential
4164.0,Tartu,gold,2024-05-10,294,4,1441.99,2,4,5,11,Loyal
4166.0,Valga,,2024-09-19,162,4,468.20000000000005,3,4,2,9,Potential
4167.0,Tartu,gold,2023-11-14,472,6,1475.97,1,5,5,11,Loyal
4168.0,Tartu,bronze,2025-01-30,29,2,927.11,5,2,3,10,Loyal
4169.0,Tallinn,,2024-12-06,84,2,531.77,4,2,2,8,Potential
4170.0,Tallinn,,2024-05-05,299,2,288.0,2,2,1,5,At Risk
4171.0,Tallinn,bronze,2024-09-05,176,2,581.2,3,2,2,7,Potential
4173.0,Tallinn,,2024-08-04,208,3,715.9,2,3,3,8,Potential
4174.0,Tallinn,silver,2024-12-28,62,4,557.84,4,4,2,10,Loyal
4175.0,Tallinn,gold,2023-12-30,426,3,831.13,1,3,3,7,Potential
4176.0,Pärnu,,2024-10-29,122,6,2828.68,3,5,5,13,VIP Champions
4177.0,Tartu,bronze,2024-12-13,77,6,753.47,4,5,3,12,Loyal
4178.0,Jõhvi,,2026-04-02,-398,67,20088.32,5,5,5,15,VIP Champions
4179.0,Pärnu,silver,2024-04-04,330,2,814.85,1,2,3,6,At Risk
4180.0,Narva,gold,2024-08-26,186,1,167.94,3,1,1,5,At Risk
4181.0,Tallinn,gold,2024-02-14,380,2,275.73,1,2,1,4,At Risk
4182.0,Tallinn,silver,2023-10-02,515,1,642.2,1,1,3,5,At Risk
4184.0,Tallinn,gold,2024-05-07,297,4,1482.3600000000001,2,4,5,11,Loyal
4185.0,Kuressaare,bronze,2025-01-24,35,2,1327.98,5,2,4,11,Loyal
4186.0,Tartu,gold,2023-06-02,637,1,83.97,1,1,1,3,Lost
4187.0,Tallinn,bronze,2024-12-06,84,1,204.87,4,1,1,6,At Risk
4188.0,Tallinn,silver,2024-07-23,220,2,585.72,2,2,2,6,At Risk
4189.0,Tallinn,,2024-12-21,69,1,626.16,4,1,2,7,Potential
4190.0,Haapsalu,,2024-12-05,85,4,2048.3199999999997,4,4,5,13,VIP Champions
4191.0,Tallinn,gold,2024-08-18,194,6,1680.43,3,5,5,13,VIP Champions
4192.0,Tallinn,silver,2024-10-03,148,3,687.69,3,3,3,9,Potential
4193.0,Pärnu,silver,2023-12-13,443,4,546.73,1,4,2,7,Potential
4194.0,Tartu,silver,2024-06-25,248,3,2013.4,2,3,5,10,Loyal
4195.0,Tartu,silver,2025-02-19,9,3,644.88,5,3,3,11,Loyal
4196.0,Tallinn,silver,2024-12-31,59,2,826.63,5,2,3,10,Loyal
4198.0,Tallinn,,2024-12-13,77,5,2021.9900000000002,4,5,5,14,VIP Champions
4199.0,Tallinn,,2025-02-26,2,1,503.04,5,1,2,8,Potential
4200.0,Pärnu,gold,2024-11-29,91,3,504.03,4,3,2,9,Potential
4201.0,Tallinn,bronze,2025-02-21,7,2,187.12,5,2,1,8,Potential
4202.0,Narva,bronze,2024-06-09,264,1,296.4,2,1,1,4,At Risk
4203.0,Tartu,silver,2024-09-22,159,3,1080.4499999999998,3,3,4,10,Loyal
4205.0,Võru,,2024-03-15,350,7,2524.59,1,5,5,11,Loyal
4206.0,Tallinn,,2025-02-28,0,69,21916.75,5,5,5,15,VIP Champions
4207.0,Tallinn,gold,2024-11-15,105,6,2079.9,4,5,5,14,VIP Champions
4208.0,Tallinn,silver,2024-06-29,244,2,345.79,2,2,1,5,At Risk
4209.0,Tallinn,,2024-07-04,239,1,416.7,2,1,2,5,At Risk
4210.0,Tartu,gold,2024-12-19,71,5,1042.96,4,5,4,13,VIP Champions
4212.0,Tallinn,silver,2025-01-18,41,8,1446.04,5,5,5,15,VIP Champions
4213.0,Tallinn,gold,2024-07-21,222,3,755.1700000000001,2,3,3,8,Potential
4214.0,Tartu,bronze,2024-05-28,276,2,443.45,2,2,2,6,At Risk
4215.0,Tartu,,2023-05-26,644,1,509.85,1,1,2,4,At Risk
4217.0,Tartu,gold,2024-01-07,418,4,2216.37,1,4,5,10,Loyal
4218.0,Valga,bronze,2024-07-01,242,2,524.5699999999999,2,2,2,6,At Risk
4219.0,Tallinn,silver,2024-07-22,221,4,983.3900000000001,2,4,4,10,Loyal
4220.0,Tallinn,gold,2025-02-20,8,6,1970.4199999999998,5,5,5,15,VIP Champions
4221.0,Tartu,,2024-06-27,246,4,1059.47,2,4,4,10,Loyal
4222.0,Tartu,bronze,2024-10-12,139,1,573.68,3,1,2,6,At Risk
4224.0,Tartu,silver,2024-03-14,351,2,304.61,1,2,1,4,At Risk
4226.0,Tartu,,2023-12-08,448,2,855.58,1,2,3,6,At Risk
4227.0,Tallinn,silver,2024-12-06,84,4,1874.6599999999999,4,4,5,13,VIP Champions
4229.0,Kuressaare,silver,2024-08-06,206,7,3434.64,2,5,5,12,Loyal
4230.0,Pärnu,silver,2024-12-10,80,6,2328.05,4,5,5,14,VIP Champions
4232.0,Tallinn,silver,2025-02-13,15,5,1052.07,5,5,4,14,VIP Champions
4234.0,Tartu,,2024-01-04,421,3,722.0699999999999,1,3,3,7,Potential
4235.0,Tallinn,,2024-11-04,116,3,673.1600000000001,4,3,3,10,Loyal
4238.0,Tallinn,gold,2024-08-22,190,3,1388.06,3,3,4,10,Loyal
4239.0,Tallinn,,2023-08-12,566,5,993.57,1,5,4,10,Loyal
4240.0,Pärnu,,2025-01-30,29,3,796.53,5,3,3,11,Loyal
4241.0,Võru,gold,2023-02-25,734,1,169.08,1,1,1,3,Lost
4242.0,Tallinn,gold,2024-10-22,129,4,1363.81,3,4,4,11,Loyal
4243.0,Tallinn,,2024-08-03,209,4,1041.03,2,4,4,10,Loyal
4244.0,Tartu,,2023-03-23,708,2,585.4300000000001,1,2,2,5,At Risk
4245.0,Kuressaare,silver,2024-10-18,133,7,2097.78,3,5,5,13,VIP Champions
4246.0,Tallinn,gold,2024-06-19,254,1,90.8,2,1,1,4,At Risk
4248.0,Tallinn,bronze,2024-10-11,140,2,1093.44,3,2,4,9,Potential
4249.0,Tallinn,silver,2024-06-02,271,3,838.5600000000001,2,3,3,8,Potential
4250.0,Tartu,silver,2025-02-20,8,1,55.04,5,1,1,7,Potential
4251.0,Tallinn,,2024-07-11,232,3,899.26,2,3,3,8,Potential
4252.0,Tallinn,,2024-09-26,155,3,816.89,3,3,3,9,Potential
4253.0,Tartu,,2025-02-09,19,2,588.85,5,2,2,9,Potential
4254.0,Viljandi,gold,2024-07-06,237,1,269.88,2,1,1,4,At Risk
4255.0,Rakvere,silver,2024-03-30,335,4,2594.2699999999995,1,4,5,10,Loyal
4256.0,Tallinn,,2024-12-22,68,2,1033.56,4,2,4,10,Loyal
4257.0,Paide,,2024-10-31,120,1,602.31,3,1,2,6,At Risk
4258.0,Pärnu,gold,2024-04-21,313,2,518.63,2,2,2,6,At Risk
4259.0,Pärnu,,2024-07-24,219,10,2546.41,2,5,5,12,Loyal
4260.0,Tartu,gold,2024-11-23,97,6,864.75,4,5,3,12,Loyal
4261.0,Narva,silver,2024-09-08,173,6,1873.04,3,5,5,13,VIP Champions
4262.0,Tallinn,gold,2024-06-09,264,2,362.97,2,2,2,6,At Risk
4263.0,Tallinn,gold,2024-11-20,100,4,610.0699999999999,4,4,2,10,Loyal
4264.0,Tallinn,,2024-10-01,150,3,373.31,3,3,2,8,Potential
4265.0,Pärnu,gold,2024-03-09,356,2,212.82,1,2,1,4,At Risk
4266.0,Viljandi,bronze,2024-02-05,389,4,1243.03,1,4,4,9,Potential
4267.0,Tartu,,2024-12-11,79,1,50.77,4,1,1,6,At Risk
4268.0,Tartu,silver,2023-10-17,500,1,408.9,1,1,2,4,At Risk
4269.0,Tallinn,silver,2024-11-24,96,4,957.55,4,4,3,11,Loyal
4270.0,Rakvere,gold,2025-02-18,10,4,750.7,5,4,3,12,Loyal
4271.0,Tartu,silver,2023-07-03,606,2,1136.38,1,2,4,7,Potential
4273.0,Tallinn,,2024-08-29,183,1,234.99,3,1,1,5,At Risk
4274.0,Tartu,silver,2024-08-16,196,4,668.22,3,4,3,10,Loyal
4276.0,Tallinn,bronze,2024-09-15,166,3,492.54,3,3,2,8,Potential
4277.0,Tallinn,silver,2025-02-21,7,3,857.0300000000001,5,3,3,11,Loyal
4279.0,Tallinn,bronze,2024-06-18,255,4,1036.5700000000002,2,4,4,10,Loyal
4280.0,Tartu,,2025-02-08,20,4,1305.22,5,4,4,13,VIP Champions
4281.0,Tallinn,silver,2023-09-09,538,2,107.63,1,2,1,4,At Risk
4282.0,Tallinn,gold,2025-02-03,25,1,269.88,5,1,1,7,Potential
4283.0,Tallinn,,2025-02-07,21,2,253.36,5,2,1,8,Potential
4284.0,Tartu,gold,2025-01-04,55,3,492.91999999999996,5,3,2,10,Loyal
4285.0,Tallinn,,2024-06-20,253,3,896.4,2,3,3,8,Potential
4286.0,Tartu,,2024-09-02,179,7,3708.37,3,5,5,13,VIP Champions
4287.0,Rakvere,gold,2023-08-30,548,3,1080.91,1,3,4,8,Potential
4288.0,Tartu,silver,2024-12-05,85,6,2384.6899999999996,4,5,5,14,VIP Champions
4290.0,Pärnu,silver,2025-01-26,33,2,472.33,5,2,2,9,Potential
4291.0,Tallinn,gold,2024-04-05,329,3,347.43,1,3,2,6,At Risk
4292.0,Tallinn,silver,2024-12-08,82,2,462.1,4,2,2,8,Potential
4293.0,Tartu,gold,2024-12-17,73,4,1719.52,4,4,5,13,VIP Champions
4294.0,Võru,,2024-12-16,74,8,1781.05,4,5,5,14,VIP Champions
4295.0,Rakvere,,2024-12-30,60,3,283.67,4,3,1,8,Potential
4297.0,Narva,bronze,2025-02-19,9,2,1000.3600000000001,5,2,4,11,Loyal
4299.0,Tallinn,silver,2023-11-25,461,1,615.66,1,1,2,4,At Risk
4300.0,Tallinn,silver,2024-05-31,273,1,219.19,2,1,1,4,At Risk
4301.0,Tallinn,gold,2024-11-15,105,4,326.55,4,4,1,9,Potential
4303.0,Pärnu,,2024-07-27,216,1,31.65,2,1,1,4,At Risk
4304.0,Kuressaare,,2024-11-03,117,2,1383.0600000000002,4,2,4,10,Loyal
4306.0,Tartu,silver,2024-01-13,412,1,290.32,1,1,1,3,Lost
4307.0,Kuressaare,,2024-11-22,98,5,1797.99,4,5,5,14,VIP Champions
4308.0,Tallinn,,2023-12-13,443,2,568.46,1,2,2,5,At Risk
4309.0,Tallinn,bronze,2024-02-06,388,2,254.12,1,2,1,4,At Risk
4310.0,Tallinn,,2024-10-09,142,6,1215.88,3,5,4,12,Loyal
4311.0,Tallinn,gold,2024-11-10,110,4,1425.02,4,4,4,12,Loyal
4312.0,Tallinn,,2024-10-02,149,8,1828.48,3,5,5,13,VIP Champions
4313.0,Tartu,silver,2023-06-02,637,1,121.51,1,1,1,3,Lost
4314.0,Pärnu,,2025-01-26,33,7,1953.47,5,5,5,15,VIP Champions
4315.0,Tallinn,gold,2024-03-31,334,3,932.3100000000001,1,3,3,7,Potential
4316.0,Tallinn,,2024-12-04,86,6,1419.96,4,5,4,13,VIP Champions
4317.0,Tallinn,bronze,2024-12-10,80,5,1171.29,4,5,4,13,VIP Champions
4318.0,Tallinn,,2024-09-23,158,2,518.5,3,2,2,7,Potential
4319.0,Narva,gold,2024-03-09,356,3,792.49,1,3,3,7,Potential
4321.0,Tallinn,bronze,2024-05-01,303,4,864.9300000000001,2,4,3,9,Potential
4322.0,Tallinn,,2025-01-11,48,5,1812.3600000000001,5,5,5,15,VIP Champions
4323.0,Narva,gold,2024-07-12,231,3,285.11,2,3,1,6,At Risk
4324.0,Tallinn,,2024-06-18,255,4,662.8599999999999,2,4,3,9,Potential
4325.0,Tallinn,silver,2024-12-28,62,1,127.92,4,1,1,6,At Risk
4326.0,Tallinn,,2025-01-05,54,2,443.11,5,2,2,9,Potential
4327.0,Tallinn,,2024-09-08,173,4,991.99,3,4,4,11,Loyal
4328.0,Tallinn,bronze,2024-12-28,62,3,1585.63,4,3,5,12,Loyal
4330.0,Pärnu,gold,2024-11-12,108,6,1540.42,4,5,5,14,VIP Champions
4331.0,Tallinn,silver,2025-01-16,43,1,314.55,5,1,1,7,Potential
4333.0,Tartu,,2024-10-22,129,2,415.28,3,2,2,7,Potential
4334.0,Tallinn,,2025-02-18,10,32,8446.5,5,5,5,15,VIP Champions
4335.0,Tallinn,gold,2024-09-05,176,2,234.63,3,2,1,6,At Risk
4336.0,Viljandi,,2024-05-21,283,1,444.2,2,1,2,5,At Risk
4337.0,Tallinn,bronze,2024-07-11,232,2,196.13,2,2,1,5,At Risk
4338.0,Tallinn,,2024-10-26,125,3,769.74,3,3,3,9,Potential
4339.0,Narva,bronze,2025-01-22,37,1,178.58,5,1,1,7,Potential
4340.0,Paide,bronze,2023-05-28,642,2,1451.8799999999999,1,2,5,8,Potential
4341.0,Valga,,2024-09-27,154,2,835.75,3,2,3,8,Potential
4342.0,Pärnu,silver,2024-12-22,68,5,1268.9,4,5,4,13,VIP Champions
4343.0,Tallinn,,2024-08-09,203,3,722.87,3,3,3,9,Potential
4345.0,Rakvere,,2024-12-14,76,3,1178.76,4,3,4,11,Loyal
4346.0,Tallinn,gold,2024-12-31,59,7,2369.11,5,5,5,15,VIP Champions
4347.0,Tallinn,,2024-12-19,71,2,694.6600000000001,4,2,3,9,Potential
4348.0,Tallinn,gold,2024-01-18,407,3,1238.23,1,3,4,8,Potential
4349.0,Tallinn,gold,2024-04-06,328,4,965.98,1,4,4,9,Potential
4350.0,Tallinn,bronze,2024-08-08,204,2,448.54,2,2,2,6,At Risk
4352.0,Narva,bronze,2024-03-15,350,2,1336.55,1,2,4,7,Potential
4354.0,Tallinn,bronze,2024-05-25,279,1,218.54,2,1,1,4,At Risk
4355.0,Pärnu,gold,2024-09-07,174,3,1596.9,3,3,5,11,Loyal
4357.0,Tallinn,gold,2024-06-29,244,5,947.2,2,5,3,10,Loyal
4358.0,Valga,silver,2025-02-28,0,3,492.55,5,3,2,10,Loyal
4360.0,Kuressaare,gold,2024-11-05,115,2,840.36,4,2,3,9,Potential
4361.0,Tallinn,bronze,2025-01-31,28,3,1855.5,5,3,5,13,VIP Champions
4362.0,Tallinn,,2023-10-23,494,1,141.05,1,1,1,3,Lost
4363.0,Tallinn,bronze,2025-01-16,43,3,1745.1599999999999,5,3,5,13,VIP Champions
4364.0,Tallinn,bronze,2024-07-17,226,5,708.18,2,5,3,10,Loyal
4365.0,Narva,bronze,2025-01-29,30,7,2305.84,5,5,5,15,VIP Champions
4366.0,Pärnu,bronze,2024-07-27,216,3,520.1600000000001,2,3,2,7,Potential
4367.0,Narva,silver,2023-07-17,592,2,685.86,1,2,3,6,At Risk
4368.0,Tallinn,gold,2024-12-05,85,6,2840.54,4,5,5,14,VIP Champions
4370.0,Tallinn,,2023-03-14,717,1,339.21,1,1,1,3,Lost
4372.0,Haapsalu,silver,2024-07-09,234,4,1264.53,2,4,4,10,Loyal
4373.0,Narva,silver,2024-12-03,87,5,2264.34,4,5,5,14,VIP Champions
4376.0,Tallinn,,2024-12-31,59,4,1005.9499999999999,5,4,4,13,VIP Champions
4377.0,Tallinn,,2023-06-28,611,1,831.35,1,1,3,5,At Risk
4378.0,Haapsalu,,2024-09-28,153,3,1166.58,3,3,4,10,Loyal
4379.0,Rakvere,silver,2023-10-26,491,1,218.54,1,1,1,3,Lost
4380.0,Tartu,gold,2024-09-07,174,5,945.42,3,5,3,11,Loyal
4381.0,Tartu,gold,2024-06-28,245,2,664.41,2,2,3,7,Potential
4383.0,Võru,silver,2024-12-27,63,4,548.4300000000001,4,4,2,10,Loyal
4384.0,Valga,,2024-08-31,181,6,638.36,3,5,3,11,Loyal
4385.0,Tallinn,,2024-11-01,119,3,827.12,4,3,3,10,Loyal
4387.0,Tartu,,2024-01-13,412,1,84.54,1,1,1,3,Lost
4388.0,Tartu,gold,2024-12-05,85,4,1866.42,4,4,5,13,VIP Champions
4389.0,Tartu,,2025-02-18,10,1,157.49,5,1,1,7,Potential
4390.0,Tallinn,,2024-08-17,195,4,1147.79,3,4,4,11,Loyal
4391.0,Võru,bronze,2024-12-28,62,1,713.14,4,1,3,8,Potential
4392.0,Tartu,bronze,2024-12-24,66,5,1779.1100000000001,4,5,5,14,VIP Champions
4394.0,Tallinn,gold,2024-10-12,139,5,1361.25,3,5,4,12,Loyal
4395.0,Tallinn,gold,2024-11-03,117,4,1226.6,4,4,4,12,Loyal
4396.0,Tallinn,gold,2024-12-09,81,5,3306.1,4,5,5,14,VIP Champions
4398.0,Tallinn,,2025-02-25,3,4,1536.61,5,4,5,14,VIP Champions
4399.0,Narva,,2025-02-19,9,2,406.26,5,2,2,9,Potential
4400.0,Viljandi,,2025-02-17,11,7,1806.37,5,5,5,15,VIP Champions
4401.0,Viljandi,bronze,2023-12-13,443,3,359.53999999999996,1,3,2,6,At Risk
4402.0,Narva,,2024-10-11,140,2,437.28999999999996,3,2,2,7,Potential
4403.0,Valga,bronze,2024-10-14,137,1,437.98,3,1,2,6,At Risk
4404.0,Tallinn,,2024-09-08,173,4,591.85,3,4,2,9,Potential
4405.0,Tallinn,gold,2023-04-23,677,2,1253.9299999999998,1,2,4,7,Potential
4407.0,Tallinn,,2024-12-11,79,2,744.4200000000001,4,2,3,9,Potential
4408.0,Tartu,,2023-12-16,440,2,122.24,1,2,1,4,At Risk
4409.0,Valga,,2024-07-23,220,3,425.90999999999997,2,3,2,7,Potential
4410.0,Rakvere,gold,2024-12-18,72,7,1129.48,4,5,4,13,VIP Champions
4411.0,Tallinn,bronze,2025-01-01,58,1,147.16,5,1,1,7,Potential
4412.0,Tallinn,,2025-01-21,38,5,2184.75,5,5,5,15,VIP Champions
4413.0,Tallinn,silver,2024-03-24,341,2,294.27,1,2,1,4,At Risk
4414.0,Tallinn,silver,2023-06-25,614,2,163.37,1,2,1,4,At Risk
4415.0,Tallinn,,2025-02-07,21,1,145.46,5,1,1,7,Potential
4417.0,Tallinn,gold,2024-07-19,224,3,646.84,2,3,3,8,Potential
4418.0,Kuressaare,gold,2024-11-16,104,7,2532.13,4,5,5,14,VIP Champions
4419.0,Kuressaare,,2023-10-21,496,6,1946.21,1,5,5,11,Loyal
4422.0,Tartu,silver,2023-08-24,554,4,1016.75,1,4,4,9,Potential
4423.0,Tallinn,silver,2024-09-04,177,3,416.73999999999995,3,3,2,8,Potential
4424.0,Jõhvi,,2024-03-19,346,2,252.25,1,2,1,4,At Risk
4426.0,Tallinn,gold,2024-12-29,61,4,1240.67,4,4,4,12,Loyal
4427.0,Rakvere,,2024-06-13,260,7,1620.64,2,5,5,12,Loyal
4428.0,Tallinn,gold,2023-07-21,588,2,996.81,1,2,4,7,Potential
4429.0,Tallinn,,2025-01-19,40,4,1008.27,5,4,4,13,VIP Champions
4430.0,Jõhvi,,2025-01-20,39,1,327.28,5,1,1,7,Potential
4431.0,Tallinn,,2023-12-22,434,5,1647.94,1,5,5,11,Loyal
4432.0,Tallinn,,2024-12-01,89,5,802.4499999999999,4,5,3,12,Loyal
4433.0,Valga,silver,2023-05-20,650,1,55.04,1,1,1,3,Lost
4434.0,Tallinn,bronze,2023-09-13,534,1,181.68,1,1,1,3,Lost
4436.0,Tartu,,2024-10-19,132,2,635.62,3,2,3,8,Potential
4437.0,Tallinn,bronze,2024-07-15,228,2,549.02,2,2,2,6,At Risk
4438.0,Valga,silver,2024-11-29,91,4,284.25,4,4,1,9,Potential
4439.0,Kuressaare,gold,2024-09-29,152,5,1439.3500000000001,3,5,5,13,VIP Champions
4441.0,Tartu,,2024-06-27,246,4,1385.1,2,4,4,10,Loyal
4442.0,Tallinn,,2024-09-14,167,2,313.98,3,2,1,6,At Risk
4443.0,Haapsalu,gold,2024-11-29,91,5,873.86,4,5,3,12,Loyal
4444.0,Tallinn,silver,2023-01-14,776,1,501.69,1,1,2,4,At Risk
4446.0,Haapsalu,bronze,2024-12-30,60,4,1279.01,4,4,4,12,Loyal
4447.0,Tallinn,,2024-12-22,68,3,888.6600000000001,4,3,3,10,Loyal
4450.0,Pärnu,,2026-04-26,-422,7,1636.6100000000001,5,5,5,15,VIP Champions
4451.0,Haapsalu,,2025-02-16,12,8,2560.35,5,5,5,15,VIP Champions
4452.0,Paide,,2024-12-13,77,6,2343.75,4,5,5,14,VIP Champions
4453.0,Tartu,,2024-08-28,184,1,138.78,3,1,1,5,At Risk
4454.0,Tallinn,silver,2024-12-07,83,9,2761.4900000000002,4,5,5,14,VIP Champions
4457.0,Tartu,bronze,2024-05-27,277,1,536.8,2,1,2,5,At Risk
4458.0,Tallinn,gold,2024-05-21,283,4,1808.5299999999997,2,4,5,11,Loyal
4459.0,Tallinn,silver,2025-01-03,56,3,553.72,5,3,2,10,Loyal
4460.0,Viljandi,silver,2024-05-04,300,3,235.13,2,3,1,6,At Risk
4461.0,Tallinn,,2024-11-26,94,5,2231.57,4,5,5,14,VIP Champions
4463.0,Pärnu,silver,2024-04-17,317,3,1058.61,2,3,4,9,Potential
4464.0,Pärnu,,2025-02-11,17,5,1378.72,5,5,4,14,VIP Champions
4465.0,Haapsalu,,2024-06-19,254,1,442.12,2,1,2,5,At Risk
4466.0,Tallinn,bronze,2025-02-18,10,5,2077.06,5,5,5,15,VIP Champions
4467.0,Tallinn,silver,2024-10-03,148,2,734.6700000000001,3,2,3,8,Potential
4468.0,Valga,,2024-08-30,182,6,991.69,3,5,4,12,Loyal
4469.0,Pärnu,silver,2024-08-13,199,3,394.81,3,3,2,8,Potential
4470.0,Tallinn,,2024-06-10,263,3,228.55,2,3,1,6,At Risk
4471.0,Tartu,silver,2025-01-11,48,1,110.02,5,1,1,7,Potential
4473.0,Tallinn,,2024-12-30,60,4,564.1899999999999,4,4,2,10,Loyal
4474.0,Valga,bronze,2025-01-06,53,1,590.73,5,1,2,8,Potential
4475.0,Tallinn,gold,2024-11-20,100,3,516.6,4,3,2,9,Potential
4476.0,Valga,gold,2024-04-02,332,3,862.5699999999999,1,3,3,7,Potential
4477.0,Rakvere,,2024-02-13,381,3,670.36,1,3,3,7,Potential
4478.0,Pärnu,bronze,2024-10-24,127,3,2066.42,3,3,5,11,Loyal
4480.0,Tallinn,,2025-01-23,36,4,1469.23,5,4,5,14,VIP Champions
4481.0,Tartu,silver,2024-08-17,195,3,1117.36,3,3,4,10,Loyal
4483.0,Tallinn,silver,2024-12-22,68,2,192.53,4,2,1,7,Potential
4484.0,Kuressaare,,2025-01-01,58,6,2247.33,5,5,5,15,VIP Champions
4485.0,Narva,,2025-02-27,1,6,1906.42,5,5,5,15,VIP Champions
4488.0,Tallinn,silver,2024-11-21,99,3,955.0,4,3,3,10,Loyal
4489.0,Narva,silver,2024-12-20,70,4,1221.68,4,4,4,12,Loyal
4490.0,Tallinn,gold,2024-09-12,169,4,1468.35,3,4,5,12,Loyal
4491.0,Narva,,2024-09-17,164,6,1678.29,3,5,5,13,VIP Champions
4493.0,Tallinn,,2024-08-08,204,3,875.74,2,3,3,8,Potential
4494.0,Pärnu,gold,2024-11-10,110,2,1329.4,4,2,4,10,Loyal
4497.0,Tartu,bronze,2024-07-29,214,5,1615.75,2,5,5,12,Loyal
4498.0,Pärnu,gold,2024-06-16,257,3,732.81,2,3,3,8,Potential
4499.0,Tartu,silver,2024-09-09,172,4,1277.92,3,4,4,11,Loyal
4500.0,Kuressaare,silver,2024-06-14,259,1,22.7,2,1,1,4,At Risk
4501.0,Tartu,bronze,2025-02-14,14,4,1345.91,5,4,4,13,VIP Champions
4502.0,Pärnu,,2024-11-26,94,1,274.5,4,1,1,6,At Risk
4503.0,Tallinn,,2024-04-27,307,2,900.6,2,2,3,7,Potential
4504.0,Võru,silver,2024-10-25,126,1,116.2,3,1,1,5,At Risk
4505.0,Tallinn,silver,2025-02-20,8,3,2148.65,5,3,5,13,VIP Champions
4507.0,Rakvere,bronze,2024-08-06,206,3,346.07,2,3,1,6,At Risk
4508.0,Tartu,silver,2024-03-10,355,4,2041.63,1,4,5,10,Loyal
4509.0,Tallinn,silver,2025-02-03,25,7,2405.24,5,5,5,15,VIP Champions
4510.0,Viljandi,bronze,2025-02-28,0,2,662.48,5,2,3,10,Loyal
4511.0,Viljandi,gold,2023-12-12,444,3,633.45,1,4,3,8,Potential
4512.0,Pärnu,silver,2024-05-19,285,3,755.46,2,4,3,9,Potential
4513.0,Jõhvi,,2024-07-29,214,3,981.4300000000001,2,4,4,10,Loyal
4514.0,Tallinn,gold,2024-10-27,124,4,1679.2800000000002,3,4,5,12,Loyal
4515.0,Tallinn,gold,2024-10-23,128,3,420.61,3,4,2,9,Potential
4516.0,Tallinn,gold,2024-06-22,251,2,475.27,2,2,2,6,At Risk
4517.0,Tartu,gold,2024-09-20,161,4,1183.26,3,4,4,11,Loyal
4518.0,Narva,bronze,2023-10-06,511,1,411.78,1,1,2,4,At Risk
4519.0,Tallinn,gold,2024-12-21,69,4,2508.65,4,4,5,13,VIP Champions
4520.0,Tartu,,2024-02-22,372,1,664.26,1,1,3,5,At Risk
4521.0,Tallinn,gold,2025-02-27,1,6,1234.0,5,5,4,14,VIP Champions
4522.0,Tartu,,2024-08-24,188,3,934.78,3,4,3,10,Loyal
4523.0,Pärnu,,2023-12-03,453,2,171.13,1,2,1,4,At Risk
4525.0,Võru,gold,2024-08-04,208,5,1106.47,2,5,4,11,Loyal
4526.0,Tallinn,,2023-09-10,537,1,106.69,1,1,1,3,Lost
4527.0,Tallinn,silver,2024-11-13,107,1,138.13,4,1,1,6,At Risk
4528.0,Tartu,silver,2024-04-17,317,5,2609.63,2,5,5,12,Loyal
4529.0,Tartu,,2024-10-12,139,2,309.34000000000003,3,2,1,6,At Risk
4530.0,Tartu,,2024-12-09,81,3,1455.3100000000002,4,4,5,13,VIP Champions
4531.0,Valga,silver,2023-05-09,661,1,41.63,1,1,1,3,Lost
4532.0,Paide,,2024-11-30,90,1,169.9,4,1,1,6,At Risk
4533.0,Tallinn,gold,2024-10-26,125,4,2647.0,3,4,5,12,Loyal
4534.0,Tallinn,gold,2024-12-09,81,7,1540.04,4,5,5,14,VIP Champions
4535.0,Tallinn,silver,2024-12-22,68,2,882.54,4,2,3,9,Potential
4536.0,Tallinn,,2024-07-04,239,4,1673.47,2,4,5,11,Loyal
4538.0,Tartu,gold,2024-09-07,174,2,794.14,3,2,3,8,Potential
4539.0,Tallinn,gold,2024-06-14,259,4,1304.26,2,4,4,10,Loyal
4541.0,Tallinn,silver,2024-03-21,344,2,647.62,1,2,3,6,At Risk
4542.0,Tartu,bronze,2024-09-15,166,5,600.8000000000001,3,5,2,10,Loyal
4543.0,Tallinn,,2025-02-02,26,4,2250.12,5,4,5,14,VIP Champions
4544.0,Viljandi,gold,2023-03-18,713,3,749.32,1,4,3,8,Potential
4545.0,Tallinn,silver,2024-08-09,203,2,398.87,2,2,2,6,At Risk
4546.0,Tartu,,2024-09-28,153,2,707.12,3,2,3,8,Potential
4548.0,Viljandi,silver,2024-11-29,91,2,296.58,4,2,1,7,Potential
4549.0,Rakvere,silver,2024-03-21,344,6,1033.4,1,5,4,10,Loyal
4551.0,Tartu,,2024-07-09,234,2,599.86,2,2,2,6,At Risk
4552.0,Narva,bronze,2024-04-05,329,3,1446.73,1,4,5,10,Loyal
4555.0,Tallinn,silver,2024-04-01,333,1,201.14,1,1,1,3,Lost
4556.0,Pärnu,gold,2023-12-09,447,2,394.60999999999996,1,2,2,5,At Risk
4557.0,Viljandi,,2024-12-15,75,2,768.33,4,2,3,9,Potential
4558.0,Tartu,,2025-02-19,9,4,1412.7600000000002,5,4,4,13,VIP Champions
4559.0,Pärnu,silver,2024-05-26,278,1,310.9,2,1,1,4,At Risk
4560.0,Tallinn,bronze,2024-08-08,204,3,1404.42,2,4,4,10,Loyal
4561.0,Kuressaare,gold,2025-01-02,57,3,1373.6399999999999,5,4,4,13,VIP Champions
4562.0,Tallinn,,2024-12-23,67,3,641.6,4,4,3,11,Loyal
4563.0,Tallinn,bronze,2024-08-11,201,3,892.4100000000001,3,4,3,10,Loyal
4565.0,Tallinn,,2024-11-13,107,3,1301.82,4,4,4,12,Loyal
4566.0,Tartu,,2024-05-22,282,4,606.08,2,4,2,8,Potential
4567.0,Tartu,bronze,2024-12-24,66,1,53.01,4,1,1,6,At Risk
4568.0,Tallinn,,2025-01-19,40,1,1374.35,5,1,4,10,Loyal
4569.0,Tallinn,,2024-04-28,306,5,928.55,2,5,3,10,Loyal
4570.0,Pärnu,,2024-07-12,231,4,878.5600000000001,2,4,3,9,Potential
4571.0,Narva,silver,2024-10-26,125,6,2185.55,3,5,5,13,VIP Champions
4572.0,Tartu,gold,2024-12-03,87,2,365.47,4,2,2,8,Potential
4573.0,Tallinn,bronze,2024-11-12,108,3,596.4100000000001,4,4,2,10,Loyal
4574.0,Kuressaare,gold,2024-06-10,263,1,789.39,2,1,3,6,At Risk
4577.0,Narva,,2024-06-17,256,3,710.66,2,4,3,9,Potential
4578.0,Tallinn,gold,2024-11-11,109,3,956.39,4,4,3,11,Loyal
4579.0,Tartu,,2024-12-25,65,2,133.47,4,2,1,7,Potential
4580.0,Pärnu,bronze,2024-11-25,95,5,898.86,4,5,3,12,Loyal
4581.0,Tartu,,2024-10-24,127,4,575.24,3,4,2,9,Potential
4582.0,Pärnu,silver,2025-02-02,26,4,1580.7199999999998,5,4,5,14,VIP Champions
4583.0,Tartu,,2023-08-16,562,1,550.2,1,1,2,4,At Risk
4584.0,Tartu,,2025-01-13,46,5,2834.7400000000002,5,5,5,15,VIP Champions
4585.0,Paide,bronze,2024-12-30,60,6,3287.58,4,5,5,14,VIP Champions
4586.0,Tartu,silver,2024-12-08,82,4,917.0799999999999,4,4,3,11,Loyal
4588.0,Pärnu,silver,2024-12-07,83,5,1487.3999999999999,4,5,5,14,VIP Champions
4589.0,Viljandi,gold,2025-02-20,8,7,2131.86,5,5,5,15,VIP Champions
4590.0,Tartu,bronze,2024-12-31,59,5,1568.46,4,5,5,14,VIP Champions
4591.0,Tartu,silver,2024-03-18,347,2,471.84,1,2,2,5,At Risk
4592.0,Pärnu,gold,2024-08-30,182,4,1083.49,3,4,4,11,Loyal
4593.0,Viljandi,gold,2024-02-28,366,4,1058.1,1,4,4,9,Potential
4595.0,Narva,silver,2024-01-20,405,2,241.73,1,2,1,4,At Risk
4596.0,Pärnu,bronze,2024-12-29,61,2,388.53,4,2,2,8,Potential
4597.0,Tartu,silver,2024-12-21,69,7,2215.52,4,5,5,14,VIP Champions
4598.0,Paide,silver,2025-02-25,3,4,1716.38,5,4,5,14,VIP Champions
4599.0,Tallinn,,2025-02-11,17,6,1261.55,5,5,4,14,VIP Champions
4601.0,Kuressaare,silver,2024-05-17,287,3,679.77,2,4,3,9,Potential
4602.0,Haapsalu,gold,2024-09-11,170,5,1891.34,3,5,5,13,VIP Champions
4603.0,Rakvere,bronze,2024-11-28,92,5,2153.0,4,5,5,14,VIP Champions
4604.0,Tallinn,,2025-02-23,5,6,1217.61,5,5,4,14,VIP Champions
4605.0,Rakvere,gold,2024-08-31,181,3,1126.08,3,4,4,11,Loyal
4606.0,Viljandi,bronze,2025-02-14,14,1,624.82,5,1,2,8,Potential
4607.0,Pärnu,bronze,2025-01-16,43,4,885.97,5,4,3,12,Loyal
4608.0,Tallinn,,2023-09-30,517,1,241.13,1,1,1,3,Lost
4610.0,Tallinn,,2023-08-22,556,3,501.31,1,4,2,7,Potential
4611.0,Tallinn,gold,2025-02-28,0,4,1658.96,5,4,5,14,VIP Champions
4612.0,Tartu,gold,2024-08-03,209,6,1889.9,2,5,5,12,Loyal
4613.0,Valga,gold,2024-11-12,108,2,599.8199999999999,4,2,2,8,Potential
4614.0,Tallinn,,2024-07-02,241,2,394.03,2,2,2,6,At Risk
4615.0,Narva,silver,2025-02-01,27,6,943.9699999999999,5,5,3,13,VIP Champions
4616.0,Tartu,gold,2023-08-30,548,2,1752.7199999999998,1,2,5,8,Potential
4618.0,Tartu,,2023-09-26,521,1,347.16,1,1,2,4,At Risk
4619.0,Tallinn,bronze,2025-01-16,43,1,106.82,5,1,1,7,Potential
4620.0,Viljandi,silver,2024-06-03,270,1,302.79,2,1,1,4,At Risk
4621.0,Pärnu,,2024-11-14,106,3,1455.8600000000001,4,4,5,13,VIP Champions
4622.0,Tallinn,silver,2025-01-10,49,1,139.74,5,1,1,7,Potential
4623.0,Tartu,,2024-09-24,157,3,679.6,3,4,3,10,Loyal
4624.0,Pärnu,,2024-04-13,321,5,2422.9,2,5,5,12,Loyal
4625.0,Võru,,2025-02-15,13,3,777.38,5,4,3,12,Loyal
4626.0,Pärnu,silver,2024-09-01,180,4,731.08,3,4,3,10,Loyal
4627.0,Haapsalu,,2025-02-25,3,4,2101.39,5,4,5,14,VIP Champions
4628.0,Tallinn,,2024-07-23,220,2,202.8,2,2,1,5,At Risk
4629.0,Valga,,2025-01-02,57,3,490.39,5,4,2,11,Loyal
4630.0,Narva,bronze,2024-10-25,126,1,505.02,3,1,2,6,At Risk
4631.0,Võru,bronze,2024-07-29,214,3,1872.52,2,4,5,11,Loyal
4632.0,Pärnu,bronze,2024-06-29,244,1,164.43,2,1,1,4,At Risk
4633.0,Tallinn,,2023-07-09,600,2,506.5,1,2,2,5,At Risk
4634.0,Jõhvi,silver,2024-12-20,70,5,1105.79,4,5,4,13,VIP Champions
4635.0,Tallinn,gold,2024-02-17,377,3,461.24,1,4,2,7,Potential
4636.0,Pärnu,silver,2025-01-21,38,3,892.39,5,4,3,12,Loyal
4637.0,Tallinn,,2024-12-21,69,4,1127.0900000000001,4,4,4,12,Loyal
4638.0,Haapsalu,bronze,2024-10-10,141,4,1450.05,3,4,5,12,Loyal
4639.0,Tallinn,,2024-07-30,213,3,498.46,2,4,2,8,Potential
4640.0,Tartu,silver,2025-01-15,44,5,1792.58,5,5,5,15,VIP Champions
4642.0,Haapsalu,,2024-12-04,86,4,1176.92,4,4,4,12,Loyal
4643.0,Tallinn,,2024-04-26,308,3,824.3499999999999,2,4,3,9,Potential
4644.0,Tartu,,2024-12-31,59,7,1677.21,4,5,5,14,VIP Champions
4647.0,Narva,bronze,2024-09-07,174,1,374.32,3,1,2,6,At Risk
4648.0,Tallinn,gold,2023-05-17,653,1,1458.6,1,1,5,7,Potential
4649.0,Tartu,silver,2024-08-04,208,1,225.28,2,1,1,4,At Risk
4650.0,Pärnu,bronze,2025-02-20,8,1,17.97,5,1,1,7,Potential
4652.0,Pärnu,silver,2024-08-24,188,1,166.27,3,1,1,5,At Risk
4653.0,Tallinn,gold,2024-11-23,97,3,342.48,4,4,1,9,Potential
4654.0,Tartu,,2024-07-22,221,2,660.0799999999999,2,2,3,7,Potential
4655.0,Narva,,2024-12-14,76,1,327.28,4,1,1,6,At Risk
4656.0,Rakvere,silver,2024-12-16,74,5,1101.4,4,5,4,13,VIP Champions
4657.0,Pärnu,bronze,2024-11-06,114,2,601.46,4,2,2,8,Potential
4659.0,Pärnu,,2024-12-24,66,3,702.22,4,4,3,11,Loyal
4660.0,Tallinn,,2023-12-18,438,3,299.72999999999996,1,4,1,6,At Risk
4661.0,Valga,,2024-07-21,222,1,574.44,2,1,2,5,At Risk
4662.0,Haapsalu,,2023-10-30,487,4,1710.83,1,4,5,10,Loyal
4663.0,Haapsalu,,2025-01-11,48,7,1939.43,5,5,5,15,VIP Champions
4664.0,Tartu,gold,2024-11-23,97,3,1078.16,4,4,4,12,Loyal
4665.0,Tartu,,2024-08-24,188,5,1106.21,3,5,4,12,Loyal
4666.0,Tallinn,bronze,2023-08-19,559,2,193.75,1,2,1,4,At Risk
4667.0,Tallinn,,2024-09-04,177,1,361.77,3,1,2,6,At Risk
4669.0,Tallinn,,2024-04-02,332,1,260.72,1,1,1,3,Lost
4670.0,Jõhvi,,2024-06-26,247,4,918.16,2,4,3,9,Potential
4671.0,Tartu,gold,2024-08-25,187,3,512.77,3,4,2,9,Potential
4672.0,Rakvere,silver,2023-11-17,469,4,1575.58,1,4,5,10,Loyal
4673.0,Tallinn,silver,2024-12-29,61,5,881.04,4,5,3,12,Loyal
4674.0,Tallinn,bronze,2024-12-28,62,4,572.1,4,4,2,10,Loyal
4675.0,Tartu,bronze,2025-02-07,21,3,284.28,5,4,1,10,Loyal
4676.0,Tallinn,gold,2024-05-15,289,2,325.13,2,2,1,5,At Risk
4677.0,Narva,gold,2024-04-11,323,5,446.27,2,5,2,9,Potential
4678.0,Tartu,,2024-12-12,78,7,2850.45,4,5,5,14,VIP Champions
4681.0,Pärnu,gold,2024-01-05,420,4,2110.65,1,4,5,10,Loyal
4682.0,Tallinn,,2023-08-25,553,2,801.38,1,2,3,6,At Risk
4683.0,Tallinn,,2024-01-30,395,4,953.32,1,4,3,8,Potential
4684.0,Tallinn,,2025-01-18,41,4,582.55,5,4,2,11,Loyal
4685.0,Tallinn,gold,2024-06-13,260,5,1537.58,2,5,5,12,Loyal
4686.0,Viljandi,,2024-12-16,74,1,274.37,4,1,1,6,At Risk
4687.0,Viljandi,gold,2025-01-01,58,7,3116.4300000000003,5,5,5,15,VIP Champions
4688.0,Pärnu,,2024-07-23,220,2,1002.53,2,2,4,8,Potential
4689.0,Narva,gold,2024-04-13,321,2,462.79,2,2,2,6,At Risk
4690.0,Narva,bronze,2024-08-15,197,1,126.42,3,1,1,5,At Risk
4691.0,Tallinn,,2024-09-11,170,7,1289.28,3,5,4,12,Loyal
4692.0,Narva,gold,2025-02-18,10,2,296.73,5,2,1,8,Potential
4693.0,Tallinn,,2024-07-14,229,2,182.84,2,2,1,5,At Risk
4694.0,Pärnu,silver,2023-12-30,426,2,882.58,1,2,3,6,At Risk
4695.0,Tallinn,,2025-02-25,3,1,245.55,5,1,1,7,Potential
4696.0,Tartu,silver,2024-12-30,60,2,661.0,4,2,3,9,Potential
4697.0,Tallinn,,2024-02-06,388,2,676.32,1,2,3,6,At Risk
4698.0,Tartu,,2024-10-14,137,2,1254.67,3,2,4,9,Potential
4699.0,Võru,,2025-01-05,54,1,1094.95,5,1,4,10,Loyal
4701.0,Tartu,,2024-11-05,115,7,2874.92,4,5,5,14,VIP Champions
4702.0,Rakvere,silver,2024-02-02,392,1,50.85,1,1,1,3,Lost
4703.0,Tallinn,silver,2024-06-04,269,5,782.38,2,5,3,10,Loyal
4704.0,Valga,silver,2024-03-27,338,1,65.6,1,1,1,3,Lost
4705.0,Tallinn,,2024-03-02,363,2,1072.94,1,2,4,7,Potential
4707.0,Pärnu,bronze,2024-10-24,127,2,647.44,3,2,3,8,Potential
4708.0,Võru,gold,2024-07-07,236,4,542.88,2,4,2,8,Potential
4709.0,Tartu,,2025-02-13,15,3,689.85,5,4,3,12,Loyal
4710.0,Jõhvi,silver,2024-11-20,100,1,65.6,4,1,1,6,At Risk
4712.0,Pärnu,gold,2024-11-01,119,5,2788.1,3,5,5,13,VIP Champions
4713.0,Haapsalu,silver,2025-01-01,58,2,712.84,5,2,3,10,Loyal
4714.0,Tartu,bronze,2025-01-21,38,2,102.51,5,2,1,8,Potential
4715.0,Jõhvi,bronze,2024-09-24,157,4,991.07,3,4,4,11,Loyal
4716.0,Tallinn,gold,2024-07-26,217,3,1414.9299999999998,2,4,4,10,Loyal
4717.0,Võru,silver,2025-01-31,28,5,2458.06,5,5,5,15,VIP Champions
4718.0,Tallinn,gold,2025-01-09,50,4,1312.27,5,4,4,13,VIP Champions
4719.0,Tartu,,2024-04-17,317,1,55.04,2,1,1,4,At Risk
4720.0,Tartu,,2024-05-15,289,3,1538.52,2,4,5,11,Loyal
4722.0,Pärnu,bronze,2024-09-24,157,3,423.51,3,4,2,9,Potential
4723.0,Viljandi,,2024-02-21,373,1,159.25,1,1,1,3,Lost
4724.0,Jõhvi,silver,2023-05-25,645,4,1407.79,1,4,4,9,Potential
4725.0,Viljandi,silver,2025-02-17,11,1,58.49,5,1,1,7,Potential
4726.0,Pärnu,bronze,2024-10-21,130,1,183.31,3,1,1,5,At Risk
4727.0,Viljandi,,2024-04-30,304,3,626.71,2,4,2,8,Potential
4728.0,Tartu,bronze,2024-12-21,69,2,524.37,4,2,2,8,Potential
4729.0,Tallinn,,2024-12-25,65,5,1295.99,4,5,4,13,VIP Champions
4730.0,Rakvere,,2025-02-15,13,3,1175.08,5,4,4,13,VIP Champions
4731.0,Rakvere,bronze,2024-01-17,408,1,377.82,1,1,2,4,At Risk
4732.0,Pärnu,bronze,2024-06-27,246,3,464.66,2,4,2,8,Potential
4734.0,Tallinn,,2024-08-19,193,1,105.09,3,1,1,5,At Risk
4735.0,Pärnu,silver,2024-07-09,234,3,641.73,2,4,3,9,Potential
4736.0,Tartu,bronze,2025-01-06,53,2,706.7,5,2,3,10,Loyal
4737.0,Tartu,gold,2024-04-27,307,1,493.94,2,1,2,5,At Risk
4738.0,Viljandi,silver,2023-09-07,540,2,993.9499999999999,1,2,4,7,Potential
4739.0,Tallinn,gold,2023-11-06,480,1,307.24,1,1,1,3,Lost
4740.0,Tallinn,gold,2024-03-25,340,2,640.67,1,2,3,6,At Risk
4741.0,Tartu,,2025-02-10,18,2,446.71999999999997,5,2,2,9,Potential
4742.0,Tartu,,2025-01-20,39,6,1206.67,5,5,4,14,VIP Champions
4743.0,Võru,,2024-10-06,145,2,626.5799999999999,3,2,2,7,Potential
4744.0,Pärnu,,2023-06-19,620,1,407.4,1,1,2,4,At Risk
4745.0,Haapsalu,silver,2023-01-20,770,1,263.13,1,1,1,3,Lost
4746.0,Tallinn,bronze,2025-01-26,33,5,1002.46,5,5,4,14,VIP Champions
4747.0,Rakvere,,2024-07-25,218,8,1944.37,2,5,5,12,Loyal
4748.0,Tallinn,,2024-12-26,64,4,1090.8200000000002,4,4,4,12,Loyal
4749.0,Jõhvi,silver,2024-06-06,267,3,969.66,2,4,4,10,Loyal
4750.0,Tallinn,,2023-10-11,506,1,285.14,1,1,1,3,Lost
4752.0,Tallinn,,2024-04-14,320,3,523.21,2,4,2,8,Potential
4754.0,Võru,silver,2023-04-18,682,2,79.75999999999999,1,2,1,4,At Risk
4755.0,Tallinn,bronze,2024-10-18,133,6,1520.03,3,5,5,13,VIP Champions
4756.0,Tartu,silver,2024-03-10,355,3,1370.78,1,4,4,9,Potential
4757.0,Tartu,,2024-05-12,292,3,842.39,2,4,3,9,Potential
4759.0,Tartu,,2024-08-11,201,2,677.11,3,2,3,8,Potential
4760.0,Pärnu,gold,2024-05-06,298,4,1756.15,2,4,5,11,Loyal
4761.0,Valga,gold,2024-09-23,158,2,162.67000000000002,3,2,1,6,At Risk
4762.0,Tallinn,silver,2024-02-15,379,6,1612.76,1,5,5,11,Loyal
4763.0,Tallinn,,2025-02-19,9,6,1957.31,5,5,5,15,VIP Champions
4765.0,Tartu,,2024-08-12,200,5,937.25,3,5,3,11,Loyal
4767.0,Tartu,,2025-01-12,47,4,2578.12,5,4,5,14,VIP Champions
4768.0,Pärnu,,2024-07-20,223,5,1386.42,2,5,4,11,Loyal
4769.0,Rakvere,,2024-05-19,285,2,791.02,2,2,3,7,Potential
4771.0,Tallinn,silver,2024-06-03,270,1,301.2,2,1,1,4,At Risk
4772.0,Võru,bronze,2024-09-18,163,3,583.78,3,4,2,9,Potential
4773.0,Tallinn,gold,2023-03-09,722,1,47.36,1,1,1,3,Lost
4774.0,Tallinn,bronze,2025-01-11,48,3,1296.53,5,4,4,13,VIP Champions
4775.0,Tartu,bronze,2024-12-29,61,1,95.87,4,1,1,6,At Risk
4776.0,Tartu,bronze,2025-01-30,29,2,932.4599999999999,5,2,3,10,Loyal
4779.0,Tallinn,,2024-12-15,75,5,2784.51,4,5,5,14,VIP Champions
4780.0,Tallinn,gold,2024-09-30,151,4,678.83,3,4,3,10,Loyal
4781.0,Narva,,2024-06-07,266,3,1315.65,2,4,4,10,Loyal
4782.0,Tallinn,gold,2025-02-03,25,5,1426.33,5,5,5,15,VIP Champions
4783.0,Tartu,silver,2024-11-24,96,4,2935.81,4,4,5,13,VIP Champions
4784.0,Tallinn,,2024-02-20,374,1,304.26,1,1,1,3,Lost
4785.0,Pärnu,silver,2025-01-26,33,3,1002.9100000000001,5,4,4,13,VIP Champions
4786.0,Tallinn,,2024-07-22,221,3,603.74,2,4,2,8,Potential
4787.0,Tallinn,,2024-01-09,416,2,135.51,1,2,1,4,At Risk
4788.0,Tartu,gold,2024-10-15,136,1,529.95,3,1,2,6,At Risk
4789.0,Paide,,2023-05-18,652,1,42.64,1,1,1,3,Lost
4790.0,Tallinn,,2024-03-07,358,2,395.56,1,2,2,5,At Risk
4791.0,Tallinn,,2024-05-19,285,3,1955.72,2,4,5,11,Loyal
4792.0,Võru,silver,2024-08-19,193,3,789.36,3,4,3,10,Loyal
4793.0,Tallinn,,2024-10-31,120,3,229.41000000000003,3,4,1,8,Potential
4794.0,Paide,gold,2024-12-17,73,4,1341.8400000000001,4,4,4,12,Loyal
4797.0,Tallinn,,2024-12-20,70,2,522.52,4,2,2,8,Potential
4799.0,Tallinn,,2024-10-22,129,2,840.3199999999999,3,2,3,8,Potential
4800.0,Tartu,,2023-10-07,510,4,661.82,1,4,3,8,Potential
4801.0,Tallinn,bronze,2023-10-17,500,2,254.71999999999997,1,2,1,4,At Risk
4803.0,Tartu,gold,2024-06-16,257,5,1387.3999999999999,2,5,4,11,Loyal
4804.0,Tallinn,bronze,2025-02-22,6,3,843.1999999999999,5,4,3,12,Loyal
4807.0,Narva,,2024-12-05,85,2,263.34,4,2,1,7,Potential
4808.0,Narva,silver,2024-11-21,99,4,755.5699999999999,4,4,3,11,Loyal
4809.0,Tartu,silver,2024-08-27,185,2,1075.0,3,2,4,9,Potential
4810.0,Tallinn,silver,2024-11-21,99,4,1858.98,4,4,5,13,VIP Champions
4811.0,Tallinn,,2024-10-18,133,2,325.9,3,2,1,6,At Risk
4812.0,Tallinn,bronze,2024-05-29,275,4,1167.75,2,4,4,10,Loyal
4815.0,Tallinn,,2024-10-31,120,4,1104.5,3,4,4,11,Loyal
4816.0,Haapsalu,gold,2024-06-16,257,3,1110.8,2,4,4,10,Loyal
4817.0,Tartu,,2024-12-22,68,3,1429.1000000000001,4,4,5,13,VIP Champions
4818.0,Tartu,silver,2024-12-28,62,3,446.72,4,4,2,10,Loyal
4819.0,Jõhvi,,2025-01-07,52,1,149.62,5,1,1,7,Potential
4820.0,Tallinn,silver,2024-07-19,224,2,334.3,2,2,1,5,At Risk
4821.0,Tallinn,,2024-09-14,167,3,1005.1,3,4,4,11,Loyal
4822.0,Tallinn,bronze,2024-06-22,251,3,914.31,2,4,3,9,Potential
4824.0,Rakvere,,2023-07-06,603,2,302.76,1,2,1,4,At Risk
4825.0,Pärnu,,2024-12-11,79,3,931.48,4,4,3,11,Loyal
4826.0,Tartu,,2024-11-16,104,4,660.0,4,4,3,11,Loyal
4827.0,Tallinn,,2024-11-14,106,2,386.51000000000005,4,2,2,8,Potential
4828.0,Tallinn,bronze,2024-09-26,155,3,153.54000000000002,3,4,1,8,Potential
4829.0,Tallinn,gold,2024-11-17,103,3,664.11,4,4,3,11,Loyal
4830.0,Rakvere,bronze,2025-01-12,47,7,2294.85,5,5,5,15,VIP Champions
4831.0,Tartu,gold,2024-12-09,81,2,405.96,4,2,2,8,Potential
4832.0,Rakvere,,2024-10-22,129,1,368.14,3,1,2,6,At Risk
4833.0,Rakvere,gold,2023-12-09,447,3,647.03,1,4,3,8,Potential
4834.0,Viljandi,silver,2023-12-29,427,3,614.6400000000001,1,4,2,7,Potential
4836.0,Viljandi,,2024-12-11,79,3,949.26,4,4,3,11,Loyal
4837.0,Tallinn,bronze,2024-07-06,237,4,501.03999999999996,2,4,2,8,Potential
4838.0,Tallinn,,2024-12-13,77,2,2033.3400000000001,4,2,5,11,Loyal
4839.0,Viljandi,,2025-02-11,17,4,888.18,5,4,3,12,Loyal
4840.0,Tallinn,,2024-01-08,417,2,407.64,1,2,2,5,At Risk
4841.0,Tallinn,,2024-10-04,147,2,315.49,3,2,1,6,At Risk
4843.0,Tallinn,,2024-08-06,206,3,1166.26,2,4,4,10,Loyal
4844.0,Tartu,,2025-01-10,49,2,913.14,5,2,3,10,Loyal
4845.0,Pärnu,,2025-02-06,22,2,174.38,5,2,1,8,Potential
4846.0,Tartu,silver,2024-07-21,222,5,1178.89,2,5,4,11,Loyal
4847.0,Tallinn,silver,2024-06-09,264,5,1374.8400000000001,2,5,4,11,Loyal
4848.0,Narva,,2024-03-13,352,3,1615.8799999999999,1,4,5,10,Loyal
4849.0,Tallinn,silver,2024-10-13,138,5,1329.3600000000001,3,5,4,12,Loyal
4850.0,Pärnu,,2024-07-14,229,7,1842.45,2,5,5,12,Loyal
4851.0,Tallinn,silver,2024-03-06,359,7,2747.85,1,5,5,11,Loyal
4853.0,Tallinn,,2025-01-15,44,4,1319.8400000000001,5,4,4,13,VIP Champions
4854.0,Tartu,,2024-11-29,91,2,822.76,4,2,3,9,Potential
4855.0,Tallinn,gold,2025-01-20,39,6,1875.41,5,5,5,15,VIP Champions
4856.0,Kuressaare,bronze,2025-01-06,53,1,374.32,5,1,2,8,Potential
4857.0,Tartu,silver,2025-02-03,25,3,969.03,5,4,4,13,VIP Champions
4858.0,Tallinn,gold,2025-02-08,20,3,407.13,5,4,2,11,Loyal
4859.0,Tallinn,bronze,2025-02-14,14,5,1097.19,5,5,4,14,VIP Champions
4860.0,Tallinn,silver,2024-05-07,297,3,1317.55,2,4,4,10,Loyal
4861.0,Tallinn,gold,2024-07-08,235,3,394.86,2,4,2,8,Potential
4862.0,Tallinn,,2024-05-26,278,6,3186.6400000000003,2,5,5,12,Loyal
4863.0,Tallinn,silver,2023-06-05,634,2,1009.0200000000001,1,2,4,7,Potential
4864.0,Valga,bronze,2024-12-28,62,3,721.17,4,4,3,11,Loyal
4865.0,Tallinn,gold,2024-11-13,107,2,420.34000000000003,4,2,2,8,Potential
4867.0,Viljandi,gold,2024-12-31,59,6,2021.61,4,5,5,14,VIP Champions
4868.0,Tartu,gold,2024-12-22,68,5,1420.91,4,5,4,13,VIP Champions
4869.0,Rakvere,silver,2024-10-24,127,2,309.48,3,3,1,7,Potential
4870.0,Tallinn,bronze,2024-10-21,130,6,1330.83,3,5,4,12,Loyal
4871.0,Tartu,,2024-07-10,233,1,243.96,2,1,1,4,At Risk
4872.0,Narva,silver,2024-06-08,265,2,1502.9499999999998,2,3,5,10,Loyal
4873.0,Narva,gold,2024-12-05,85,4,1106.45,4,4,4,12,Loyal
4876.0,Tartu,gold,2024-11-01,119,2,427.71000000000004,3,3,2,8,Potential
4877.0,Kuressaare,silver,2025-02-12,16,1,282.1,5,1,1,7,Potential
4878.0,Rakvere,silver,2024-11-17,103,1,29.48,4,1,1,6,At Risk
4879.0,Tartu,,2024-12-17,73,1,121.98,4,1,1,6,At Risk
4880.0,Jõhvi,silver,2024-10-01,150,2,389.56,3,3,2,8,Potential
4881.0,Tallinn,,2025-02-13,15,5,1794.1,5,5,5,15,VIP Champions
4882.0,Paide,,2024-12-14,76,2,304.59000000000003,4,3,1,8,Potential
4883.0,Tartu,,2024-08-17,195,4,1160.1999999999998,3,4,4,11,Loyal
4886.0,Pärnu,silver,2024-12-05,85,6,2688.3,4,5,5,14,VIP Champions
4887.0,Tartu,bronze,2024-07-24,219,4,710.54,2,4,3,9,Potential
4889.0,Tartu,,2025-12-28,-303,2,379.75,5,3,2,10,Loyal
4890.0,Tartu,gold,2023-04-25,675,2,349.34,1,3,2,6,At Risk
4891.0,Tallinn,,2024-08-02,210,1,307.83,2,1,1,4,At Risk
4892.0,Paide,bronze,2023-09-14,533,2,498.87,1,3,2,6,At Risk
4893.0,Tartu,silver,2023-05-08,662,3,743.75,1,4,3,8,Potential
4894.0,Tallinn,,2024-06-14,259,4,662.6,2,4,3,9,Potential
4895.0,Tallinn,bronze,2024-11-01,119,2,561.69,3,3,2,8,Potential
4896.0,Tallinn,,2025-01-31,28,5,1431.06,5,5,5,15,VIP Champions
4898.0,Pärnu,,2023-08-22,556,1,53.58,1,1,1,3,Lost
4899.0,Tartu,bronze,2023-06-18,621,2,996.4,1,3,4,8,Potential
4900.0,Kuressaare,bronze,2024-07-21,222,2,880.94,2,3,3,8,Potential
4901.0,Võru,bronze,2024-12-17,73,2,926.2,4,3,3,10,Loyal
4903.0,Tartu,bronze,2024-11-11,109,5,1659.27,4,5,5,14,VIP Champions
4905.0,Tartu,gold,2024-10-11,140,4,1702.97,3,4,5,12,Loyal
4906.0,Tallinn,silver,2024-10-02,149,3,977.5300000000001,3,4,4,11,Loyal
4907.0,Tartu,,2024-08-27,185,5,1163.17,3,5,4,12,Loyal
4908.0,Tallinn,bronze,2024-10-25,126,3,730.82,3,4,3,10,Loyal
4909.0,Tartu,silver,2024-08-09,203,4,833.6,2,4,3,9,Potential
4910.0,Tartu,gold,2023-09-13,534,1,84.95,1,1,1,3,Lost
4911.0,Tartu,,2023-09-16,531,1,348.6,1,1,2,4,At Risk
4912.0,Tallinn,gold,2024-11-24,96,2,347.96,4,3,2,9,Potential
4913.0,Jõhvi,silver,2024-01-13,412,1,166.27,1,1,1,3,Lost
4914.0,Haapsalu,silver,2024-01-18,407,4,1030.0800000000002,1,4,4,9,Potential
4915.0,Pärnu,,2024-07-26,217,3,1140.94,2,4,4,10,Loyal
4917.0,Tartu,,2024-08-31,181,2,273.09,3,3,1,7,Potential
4918.0,Pärnu,silver,2025-02-07,21,4,1425.54,5,4,5,14,VIP Champions
4919.0,Tartu,,2023-11-19,467,2,288.27,1,3,1,5,At Risk
4920.0,Tallinn,silver,2024-07-24,219,2,436.15000000000003,2,3,2,7,Potential
4923.0,Narva,gold,2025-01-08,51,2,1091.64,5,3,4,12,Loyal
4924.0,Paide,,2024-12-15,75,2,563.8000000000001,4,3,2,9,Potential
4927.0,Tallinn,,2023-10-19,498,3,449.93,1,4,2,7,Potential
4928.0,Valga,silver,2024-12-22,68,4,1600.21,4,4,5,13,VIP Champions
4929.0,Rakvere,gold,2025-02-23,5,5,1124.67,5,5,4,14,VIP Champions
4930.0,Tartu,,2023-09-27,520,2,178.75,1,3,1,5,At Risk
4931.0,Tallinn,bronze,2025-01-11,48,5,1188.26,5,5,4,14,VIP Champions
4932.0,Narva,gold,2024-05-21,283,4,743.11,2,4,3,9,Potential
4933.0,Tallinn,gold,2023-09-17,530,1,130.73,1,1,1,3,Lost
4934.0,Tallinn,bronze,2025-02-22,6,6,1844.1,5,5,5,15,VIP Champions
4935.0,Tartu,bronze,2025-01-02,57,3,505.89,5,4,2,11,Loyal
4936.0,Pärnu,gold,2025-02-07,21,3,518.44,5,4,2,11,Loyal
4937.0,Tallinn,silver,2023-09-12,535,3,581.88,1,4,2,7,Potential
4938.0,Tallinn,bronze,2024-12-11,79,4,1063.1200000000001,4,4,4,12,Loyal
4939.0,Tallinn,bronze,2024-10-17,134,1,605.72,3,1,2,6,At Risk
4940.0,Tallinn,bronze,2024-02-04,390,3,556.6700000000001,1,4,2,7,Potential
4942.0,Tartu,silver,2024-07-28,215,1,205.0,2,1,1,4,At Risk
4943.0,Tallinn,silver,2024-05-11,293,1,152.85,2,1,1,4,At Risk
4944.0,Pärnu,,2025-01-06,53,1,443.76,5,1,2,8,Potential
4947.0,Tallinn,,2024-06-17,256,3,1107.31,2,4,4,10,Loyal
4948.0,Tallinn,silver,2023-04-16,684,2,344.72,1,3,1,5,At Risk
4949.0,Tallinn,bronze,2025-02-25,3,65,19580.28,5,5,5,15,VIP Champions
4950.0,Tallinn,gold,2025-02-03,25,4,552.89,5,4,2,11,Loyal
4951.0,Tallinn,,2025-02-13,15,5,1037.91,5,5,4,14,VIP Champions
4952.0,Valga,bronze,2024-09-15,166,5,1742.4,3,5,5,13,VIP Champions
4953.0,Tallinn,,2024-11-25,95,3,862.86,4,4,3,11,Loyal
4954.0,Tallinn,,2024-03-15,350,1,63.95,1,1,1,3,Lost
4955.0,Rakvere,,2024-05-15,289,3,977.5699999999999,2,4,4,10,Loyal
4956.0,Tallinn,,2024-05-31,273,2,376.41,2,3,2,7,Potential
4957.0,Tallinn,bronze,2024-09-30,151,1,48.58,3,1,1,5,At Risk
4958.0,Tartu,,2024-08-22,190,3,999.7099999999999,3,4,4,11,Loyal
4959.0,Kuressaare,bronze,2024-09-30,151,2,482.93,3,3,2,8,Potential
4960.0,Pärnu,,2024-02-13,381,2,976.54,1,3,4,8,Potential
4961.0,Narva,gold,2024-08-26,186,2,410.1,3,3,2,8,Potential
4962.0,Tartu,silver,2024-11-04,116,5,1526.2799999999997,4,5,5,14,VIP Champions
4963.0,Tallinn,silver,2025-02-23,5,5,1365.1,5,5,4,14,VIP Champions
4964.0,Paide,bronze,2024-05-01,303,6,652.41,2,5,3,10,Loyal
4965.0,Tallinn,,2023-07-21,588,3,459.6,1,4,2,7,Potential
4966.0,Pärnu,gold,2025-02-11,17,4,748.6600000000001,5,4,3,12,Loyal
4967.0,Tartu,bronze,2024-07-04,239,3,1095.17,2,4,4,10,Loyal
4968.0,Tallinn,silver,2024-11-17,103,2,380.61,4,3,2,9,Potential
4969.0,Tallinn,,2024-05-29,275,3,681.97,2,4,3,9,Potential
4970.0,Tallinn,bronze,2025-02-03,25,3,896.1500000000001,5,4,3,12,Loyal
4971.0,Rakvere,,2024-07-20,223,2,898.3499999999999,2,3,3,8,Potential
4973.0,Jõhvi,,2024-12-03,87,4,1253.86,4,4,4,12,Loyal
4974.0,Võru,silver,2025-01-26,33,2,369.03000000000003,5,3,2,10,Loyal
4975.0,Pärnu,,2025-02-23,5,2,459.89,5,3,2,10,Loyal
4976.0,Tartu,,2024-09-17,164,5,965.96,3,5,4,12,Loyal
4978.0,Tartu,bronze,2024-09-16,165,1,418.1,3,1,2,6,At Risk
4980.0,Rakvere,,2024-12-01,89,1,585.22,4,1,2,7,Potential
4981.0,Tallinn,bronze,2024-12-25,65,3,882.62,4,4,3,11,Loyal
4982.0,Tallinn,bronze,2023-10-24,493,4,757.8399999999999,1,4,3,8,Potential
4983.0,Tartu,,2024-08-23,189,3,1082.65,3,4,4,11,Loyal
4984.0,Rakvere,,2024-08-05,207,5,983.13,2,5,4,11,Loyal
4985.0,Tallinn,,2023-06-15,624,3,496.2,1,4,2,7,Potential
4986.0,Kuressaare,,2024-12-27,63,2,1350.01,4,3,4,11,Loyal
4987.0,Tallinn,,2023-06-23,616,2,757.19,1,3,3,7,Potential
4988.0,Tallinn,gold,2024-05-23,281,2,163.33999999999997,2,3,1,6,At Risk
4989.0,Tallinn,gold,2024-05-07,297,2,561.77,2,3,2,7,Potential
4990.0,Tallinn,,2024-06-24,249,2,540.66,2,3,2,7,Potential
4991.0,Tartu,bronze,2024-12-07,83,2,311.3,4,3,1,8,Potential
4992.0,Tallinn,bronze,2025-02-10,18,1,773.55,5,1,3,9,Potential
4993.0,Tartu,silver,2024-03-15,350,2,291.91,1,3,1,5,At Risk
4995.0,Võru,gold,2025-02-25,3,4,1527.95,5,4,5,14,VIP Champions
4996.0,Tartu,,2024-10-22,129,1,693.4,3,1,3,7,Potential
4997.0,Kuressaare,,2024-07-26,217,5,1579.5900000000001,2,5,5,12,Loyal
4998.0,Tallinn,bronze,2025-02-19,9,2,464.01,5,3,2,10,Loyal
4999.0,Tallinn,bronze,2023-09-22,525,2,593.99,1,3,2,6,At Risk
5000.0,Tartu,,2024-12-30,60,1,41.63,4,1,1,6,At Risk
